cnp_codigo,cnp_glosa,iccs_elegido,iccs_glosa_elegida,confianza,top1_codigo,top1_score,top2_codigo,top2_score
101,QUEBRANTAMIENTO,8062,Incumplimiento de órdenes judiciales,alta,8062,0.8417192769570777,806,0.8357223040024009
202,SECUESTRO,2022,Privación de libertad,alta,20221,0.8509334609825745,11011,0.847352844166932
203,SUSTRACCIÓN DE MENORES,2021,Secuestro de menores,alta,204,0.854565923925999,2021,0.8541400541904736
204,VIOLACIÓN DE MORADA,509,Otros actos contra la propiedad solamente,alta,2119,0.8449475875553626,211,0.8441906060596827
205,"APERTURA, REGISTRO O INTERCEPTACIÓN DE CORRESPONDENCIA",211,Transgresiones contra las personas,alta,9033,0.8458970477219775,2119,0.8412576793167854
207,"DETENCIÓN, DESTIERRO O ARRESTO IRREGULAR",20222,Retención ilegal,alta,110134,0.8441660366541459,20222,0.8432913627702903
210,ALLANAMIENTOS IRREGULARES,509,Otros actos contra la propiedad solamente,alta,8019,0.8382888689970522,2119,0.8340740717468303
214,DELITOS CONTRA LA LIBERTAD AMBULATORIA Y EL DERECHO DE ASOCIACIÓN,8019,Otros actos contrarios a las normas de conducta orientadas al mantenimiento del orden público,media,8081,0.8419762847326503,8019,0.8416090740195574
216,"USURPACIÓN DE PROPIEDAD, DESCUBRIMIENTO O PRODUCCIÓN",7033,Abuso de funciones,media,6011,0.8306914723205538,809,0.8293619903107233
218,EMPLEADO PÚBLICO QUE EXPROPIE BIENES O PERTURBE POSESIÓN DE OTRO,7032,Malversación o peculado,media,2119,0.8307843870511531,8019,0.8293239093530588
221,DELITOS CONTRA LA VIDA Y LA PRIVACIDAD DE LAS CONVERSACIONES,2119,Otras transgresiones contra las personas,alta,9033,0.8529890350896904,2119,0.8523570308260596
223,EXACCIONES ILEGALES COMETIDAS POR PARTICULARES,709,"Otros actos que conllevan fraude, engaño o corrupción",media,11011,0.8428097482248507,2119,0.8421397429052918
224,TORTURAS POR PARTICULARES AGENTES DEL ESTADO,11011,Tortura,alta,11011,0.857848940367908,2119,0.8511880108367748
225,TORTURAS COMETIDAS POR FUNCIONARIOS PÚBLICOS,11011,Tortura,alta,11011,0.8532300602883176,2119,0.8523846243441016
227,TORTURA PARA ANULAR VOLUNTAD,11011,Tortura,alta,11011,0.8541872589944671,204,0.8450800630973265
228,TORTURA CON HOMICIDIO,101,Homicidio intencional,alta,11011,0.8588257057307247,2119,0.8493377669663047
229,"TORTURA CON VIOLACIÓN, ABUSO SEXUAL AGRAVADO U OTROS",11011,Tortura,alta,11011,0.8607781881889468,2119,0.8454079386854438
230,TORTURA CON CUASIDELITO,11011,Tortura,alta,11011,0.8601114255284834,2119,0.846308639499628
231,APREMIOS ILEGÍTIMOS COMETIDOS POR EMPLEADOS PÚBLICOS,NINGUNO,,alta,11011,0.8489785352030282,2119,0.8468114478715384
232,APREMIOS ILEGÍTIMOS CON HOMICIDIO,101,Homicidio intencional,alta,2119,0.8601701389417138,11011,0.8566181576208118
233,"APREMIOS ILEGÍTIMOS CON VIOLACIÓN, ABUSO SEXUAL AGRAVADO Y OTROS",11011,Tortura,alta,11011,0.8599676033645053,2119,0.854068152899616
234,APREMIOS ILEGÍTIMOS CON CUASIDELITO,11011,Tortura,media,11011,0.8484120569350909,2119,0.847701537316658
235,SECUESTRO CON HOMICIDIO,101,Homicidio intencional,alta,2119,0.8440329287510953,20221,0.8421925510422071
236,SECUESTRO CON VIOLACIÓN,30111,Violación con uso de la fuerza,alta,204,0.8511232197112313,2119,0.8449635801407092
237,SECUESTRO CON LESIONES,2022,Privación de libertad,alta,2119,0.8411342211746387,20221,0.8403799512811337
248,SECUESTRO CON SOLICITUD DE RESCATE O EXIGENCIA O SE PROLONGUE POR MÁS DE 24 HRS.ART. 141 INC. 3,20221,Secuestro,alta,20221,0.8623411699634642,2022,0.8477670521415465
249,SECUESTRO POR MÁS DE 15 DÍAS O CON GRAVE DAÑO EN LA PERSONA O SUS INTERESESART. 141 INC. 4,20221,Secuestro,alta,20221,0.8442728673168931,2022,0.8414436290221268
299,OTROS DELITOS QUE AFECTAN LOS DERECHOS GARANTIDOS POR LA CONSTITUCIÓN,809,"Otros actos contra el orden público, la autoridad y las disposiciones del Estado",media,2119,0.8537706823536491,110134,0.8505660689044939
301,"FALSIFICACIÓN DE MONEDA Y OTROS (EN CASO DE BILLETES, ACUDA AL CÓDIGO 12031)",70211,Falsificación de medios de pago en efectivo,alta,7021,0.8658011361532559,702,0.8609618872666788
302,FALSIFICACION O USO MALICIOSO DE DOCUMENTOS PÚBLICOS (en caso de falsificación de certificado acuda al código 312),7023,Actos de falsificación de documentos,alta,7023,0.8562269891194925,702,0.8494396334904892
303,FALSIFICACIÓN O USO MALICIOSO DE DOCUMENTOS PRIVADOS,7023,Actos de falsificación de documentos,alta,7023,0.8557042888154675,7022,0.8456133274884566
304,FALSIFICACION O USO DE PASAPORTES O PERMISO PARA PORTE DE ARMAS,7023,Actos de falsificación de documentos,alta,7023,0.8603691645090882,7021,0.8418863273173749
306,"FALSO TESTIMONIO, PERJURIO O DENUNCIA CALUMNIOSA",8061,Obstrucción de la justicia,alta,8061,0.8417602753005378,709,0.8392875612395192
307,"PRESENTACION DE PERITOS, TESTIGOS O INTÉRPRETES QUE FALTAREN A LA VERDAD O DOCUMENTOS FALSOS",8061,Obstrucción de la justicia,alta,8061,0.8431580321677052,7023,0.8418858717683942
308,EJERCICIO ILEGAL DE LA PROFESIÓN,709,"Otros actos que conllevan fraude, engaño o corrupción",media,702,0.8472765478958221,2119,0.8457233967902578
309,USURPACIÓN DE NOMBRE,701,Fraude,alta,702,0.8389693148503968,2119,0.8360119279456392
310,FINGIMIENTO DE CARGOS O PROFESIONES,7019,Otros actos de fraude,alta,709,0.8378170163137665,2119,0.8364172956986375
311,FALSIFICACIÓN DE LICENCIAS MÉDICAS O PENSIONES,7023,Actos de falsificación de documentos,alta,7023,0.8458453361699227,7019,0.8452864900997951
312,"FALSIFICACIÓN DE CERTIFICADOS POR FUNCIONARIOS PÚBLICOS, PRIVADOS y USO MALICIOSO",7023,Actos de falsificación de documentos,alta,7023,0.8477304240982518,709,0.8420105592701258
399,"OTROS DELITOS CONTRA LA FE PÚBLICA, DE LAS FALSIFICACIONES, DEL FALSO TESTIMONIO Y DEL PERJURIO",8061,Obstrucción de la justicia,alta,70212,0.8489250895407882,709,0.8485516736732721
402,NOMBRAMIENTOS ILEGALES,NINGUNO,,alta,8019,0.8378080510398499,20229,0.8327413766067255
404,PREVARICACIÓN JUDICIAL Y ADMINISTRATIVA,8069,Otros actos contra el sistema de justicia,alta,8069,0.8504042787046497,806,0.8444251355713385
405,PREVARICACIÓN DEL ABOGADO Y PROCURADOR,8061,Obstrucción de la justicia,media,8061,0.8254596948681329,20229,0.8199403885706803
406,MALVERSACIÓN DE CAUDALES PÚBLICOS,7032,Malversación o peculado,alta,7032,0.8599576665989829,7049,0.8457574537709845
408,INFIDELIDAD EN LA CUSTODIA DE DOCUMENTOS,8049,Otros actos contra la administración pública o contra disposiciones regulatorias,media,7032,0.8383219208223247,7023,0.8370214517628879
409,VIOLACIÓN DE SECRETOS,2119,Otras transgresiones contra las personas,alta,7033,0.835581140457592,7032,0.8352644676013413
410,COHECHO COMETIDO POR EMPLEADO PÚBLICO,70312,Soborno pasivo,alta,7031,0.8573174402097055,70312,0.8446768019405887
411,COHECHO O SOBORNO COMETIDO POR PARTICULAR,70311,Soborno activo,alta,7031,0.8594134280375014,70311,0.8387978944776782
413,ABANDONO DE DESTINO,809,"Otros actos contra el orden público, la autoridad y las disposiciones del Estado",media,8082,0.8288294052137797,8062,0.8278251625972528
415,NEGOCIACIÓN INCOMPATIBLE,8049,Otros actos contra la administración pública o contra disposiciones regulatorias,alta,8019,0.8330481556679211,2119,0.8289883620251076
416,TRÁFICO DE INFLUENCIAS,7034,Tráfico de influencias,alta,7034,0.8702871767666109,204,0.8357640002392678
417,EXACCIONES ILEGALES COMETIDAS POR FUNCIONARIO PÚBLICO,7031,Soborno,alta,804,0.8452416630181933,8082,0.8421694838552728
418,ENRIQUECIMIENTO ILÍCITO,7035,Enriquecimiento ilícito,alta,7035,0.881780984836679,7049,0.8396563457968018
419,FRAUDE AL FISCO Y ORGANISMOS DEL ESTADO,70111,Fraude financiero contra el Estado,alta,7032,0.8419485782002455,7031,0.8393101627981854
420,ABUSOS CONTRA PARTICULARES,219,Otros actos que causan daños o que tienen la intención de causar daños a las personas,alta,8012,0.84627631717394,204,0.8411175777662158
421,OTROS ABUSOS CONTRA PARTICULARES,8049,Otros actos contra la administración pública o contra disposiciones regulatorias,alta,11011,0.8478413535215329,8019,0.8473145267977852
422,SOBORNO DE FUNCIONARIO PUBLICO EXTRANJERO. PERSONA NATURAL,70311,Soborno activo,alta,7031,0.8715970932383426,70311,0.849254659877269
423,SOBORNO.ART. 250. PERSONA JURÍDICA,70311,Soborno activo,alta,7031,0.8629287672254425,70311,0.845224369729713
424,SOBORNO DE FUNCIONARIO PÚBLICO EXTRANJERO. PERSONA JURÍDICA,70311,Soborno activo,alta,7031,0.871725172452052,70311,0.8504869612359109
425,NEGOCIACIÓN INCOMPATIBLE POR PERSONA JURIDICA,NINGUNO,,alta,8081,0.8452389198038037,6029,0.836173394279907
426,NEGOCIACIÓN INCOMPATIBLE DE PARTICULARES,NINGUNO,,alta,2119,0.8366498671576357,6029,0.8306068429438488
429,"USO DE INFORMACIÓN PRIVILEGIADA. ART. 247 BISEl empleado público que, haciendo uso de un secreto o información concreta reservada, de que tenga conocimiento en razón de su cargo, obtuviere un beneficio económico para sí o para un tercero; sanciona también a los que, ejerciendo alguna de las profesiones que requieren título, obtuvieren un beneficio económico para sí o para un tercero haciendo uso de los secretos que por razón de su profesión se les hubiere confiado",8045,Manipulación del mercado o utilización indebida de información privilegiada,alta,8045,0.836564137715851,7034,0.8276434851097905
499,OTROS DELITOS COMETIDOS POR EMPLEADOS PÚBLICOS EN EL DESEMPEÑO DE SUS CARGOS,8049,Otros actos contra la administración pública o contra disposiciones regulatorias,media,8049,0.8476171183302085,8019,0.8462820859917733
501,DELITO DESORDENES PÚBLICOS (NO FALTA DEL CÓDIGO 13035),8012,Actos relacionados con las normas y preceptos sociales y religiosos orientados al mantenimiento del orden público,alta,8019,0.854026643334372,8012,0.8527460762759147
502,OBSTRUCCIÓN A LA INVESTIGACIÓN,8061,Obstrucción de la justicia,alta,8061,0.8535662229324683,6019,0.8331065821499344
503,ROTURA DE SELLOS,8062,Incumplimiento de órdenes judiciales,alta,8012,0.8413178635920577,8019,0.8388350854824335
505,"LOTERIA ILEGAL, CASAS DE JUEGO Y PRESTAMO SOBRE PRENDA",8043,Actos contrarios a las disposiciones sobre apuestas,alta,8043,0.8514966028449761,809,0.8395902606789439
506,"VIOLACIÓN, REVELACIÓN Y/O APROVECHAMIENTO DE SECRETOS COMERCIALES",9033,Interceptación o acceso ilícitos a datos informáticos,alta,8045,0.8380413083414284,2119,0.832507635834416
507,ALTERACIÓN FRAUDULENTA DE PRECIOS,701,Fraude,alta,902,0.8360544132788239,702,0.8328810498376031
508,"PROPAGACIÓN DE ENFERMEDADES QUE AFECTEN LA SALUD ANIMAL O VEGETAL; ELEMENTOS QUÍMICOS, BACTEREOLÓGICOS, RADIOACTIVOS",90113,"Posesión o uso ilícitos de materiales químicos, biológicos o radiactivos",media,902,0.8552408326985846,2071,0.8508869004521815
509,ABANDONO O MALTRATO ANIMAL,10091,Actos contra los animales,alta,2119,0.8482965133284711,10091,0.8453506819806417
510,ASOCIACIONES ILICÍTAS,9051,Participación en un grupo delictivo organizado,media,905,0.8385193976858006,204,0.836256822272583
512,CONNIVENCIA EN LA FUGA Y EVASIÓN CULPABLE DE DETENIDOS,8062,Incumplimiento de órdenes judiciales,alta,806,0.8329062962913039,204,0.8273346863226632
514,INFRACCIÓN NORMAS INHUMACIONES Y EXHUMACIONES,2119,Otras transgresiones contra las personas,alta,2119,0.8605965630827864,902,0.8393467859881856
515,ATENTADOS Y AMENAZAS CONTRA LA AUTORIDAD,904,Actos contra la seguridad del Estado,alta,8069,0.8472852308508305,806,0.8430514542299915
516,OPONERSE A ACCIÓN DE LA AUTORIDAD PÚBLICA O SUS AGENTES,201,Agresiones y amenazas,alta,806,0.8545357618856976,8019,0.8500091009898161
518,PORTE DE ARMA CORTANTE O PUNZANTE,9011,Posesión o uso de armas y explosivos,alta,60211,0.8404891371599716,6021,0.8398256643799519
519,"FALSA ALARMA DE INCENDIO, EMERGENCIA O CALAMIDAD PÚBLICA",8012,Actos relacionados con las normas y preceptos sociales y religiosos orientados al mantenimiento del orden público,media,8012,0.8275074319286971,809,0.8250794348711876
520,"OBSTRUCCIÓN A LA INVESTIGACIÓN POR FISCAL O ASISTENTE DEL FISCAL, DEL MINISTERIO PÚBLICO",8061,Obstrucción de la justicia,alta,8061,0.8408091019399768,9032,0.8366072258364676
521,HOMICIDIO DE FISCALES O DEFENSORES EN EL DESEMPEÑO DE SUS FUNCIONES,2111,Invasión de la intimidad,alta,2119,0.832520067319276,11011,0.8290707665588913
522,"MALTRATO DE OBRA A FISCALES O DEFENSORES EN EL DESEMPEÑO DE SUS FUNCIONES, INCLUYE CASTRACIÓN Y MUTILACIÓN",219,Otros actos que causan daños o que tienen la intención de causar daños a las personas,alta,11011,0.8405211778423878,2119,0.8386853784020474
523,AMENAZA A FISCALES O DEFENSORES EN EL DESEMPEÑO DE SUS FUNCIONES,201,Agresiones y amenazas,alta,8069,0.8295103670857487,8012,0.8280317309483329
524,AMENAZAS SIMPLES CONTRA PERSONAS Y PROPIEDADES,2012,Amenaza,alta,20122,0.8360519188593306,504,0.8315919937699418
525,AMENAZAS CONDICIONALES CONTRA PERSONAS Y PROPIEDADES,2051,Extorsión o chantaje,alta,2051,0.8361147595404242,201,0.8332352605766276
526,CONTRA SALUD PÚBLICA,902,Actos contra la salud y la seguridad,alta,6019,0.8544788539469081,6012,0.8484525449068832
527,CONTRA SALUD PÚBLICA,2071,Actos que ponen en peligro la salud,alta,902,0.8700601741466523,2071,0.8697945854156046
528,CORRUPCIÓN ENTRE PARTICULARES,7031,Soborno,alta,7031,0.8533028801292613,204,0.8390398300611834
529,CORRUPCIÓN ENTRE PARTICULARES.COMETIDO POR PERSONAS JURÍDICAS,7031,Soborno,alta,7031,0.8566493570788142,204,0.8419501902906855
530,AMENAZAS CONTRA PROFESIONALES Y FUNCIONARIOS DE SALUD Y MANIPULADORES DE ALIMENTOS,201,Agresiones y amenazas,alta,902,0.8555892655696484,2071,0.8489815752584706
531,LESIONES CONTRA PROFESIONALES Y FUNCIONARIOS DE SALUD Y MANIPULADORES DE ALIMENTOS,219,Otros actos que causan daños o que tienen la intención de causar daños a las personas,alta,20619,0.8584281826432927,902,0.8578578044992996
532,INTERRUMPIR LIBRE CIRCULACIÓN LEY 21.208 INC.1,202,Actos contra la libertad,alta,202,0.847818699133734,8012,0.8369654467357701
533,LANZAR OBJETOS A LA VÍA PÚBLICA CON MUERTE O LESIONES LEY 21.208 INC.2,2079,Otros actos peligrosos,alta,2069,0.8475206007636821,2119,0.8454640310360558
534,DISEMINAR GÉRMENES PARA CAUSAR ENFERMEDAD,2071,Actos que ponen en peligro la salud,alta,902,0.8441660848478529,2119,0.8377849947236936
535,INFRINGIR NORMAS HIGIÉNICAS Y DE SALUBRIDAD,902,Actos contra la salud y la seguridad,alta,902,0.8602432789506539,8012,0.8514697822819784
536,PROPAGAR CONTAGIO A SABIENDAS,902,Actos contra la salud y la seguridad,alta,902,0.844734494114719,2071,0.8435551652909892
537,EMPLEADOR QUE ORDENA INFRINGIR CUARENTENA,902,Actos contra la salud y la seguridad,alta,8019,0.839037523342407,902,0.8366881969902843
538,"ULTRAJE DE CADÁVER. ART. 322 BISEl que en menosprecio de la memoria de quien hubiere muerto: 1° Exhumare total o parcialmente sus restos humanos;2° Sustrajere sus restos humanos de quien los tuviere legítimamente, o3° Manipulare sus restos humanos o sus cenizas, o realizare sobre cualquiera de ellos actos que los afectaren considerablemente",2119,Otras transgresiones contra las personas,alta,2119,0.8577773103778934,11011,0.826071181847085
539,"ULTRAJE DE SEPULTURA. ART. 322 TEREl que en menosprecio de la memoria de quien hubiere muerto, profanare su sepultura",2119,Otras transgresiones contra las personas,alta,2119,0.8544451298044217,8029,0.8227275020668834
540,USO INDEBIDO DE FACULTADES ASOCIADAS A LAS TÉCNICAS ESPECIALES DE INVESTIGACIÓNART. 226 C Y 226 K CPP,2119,Otras transgresiones contra las personas,alta,2119,0.8273533226246462,6029,0.8271806748247829
541,"INFRACCIÓN AL SECRETO Y PROHIBICIÓN DE INFORMACIÓN RELATIVA A TESTIGOS, AGENTES ENCUBIERTOS, REVELADORES E INFORMANTESART. 226 J, 226 O Y 226 T CPP",8061,Obstrucción de la justicia,alta,2119,0.8354933778527498,11011,0.8336832351284575
542,ASOCIACIÓN DELICTIVA O CRIMINAL MEDIANTE UNA PERSONA JURÍDICA. ART. 294 C.P,9051,Participación en un grupo delictivo organizado,alta,905,0.8292962315512521,8081,0.8240424338036598
543,INCUMPLIMIENTO DE RESERVA REGISTRO DE LLAMADAS.ART. 218 TER C.P.P,211,Transgresiones contra las personas,alta,8019,0.8442651307588267,11029,0.8371678894942409
544,ATENTADOS CONTRA EL MEDIO AMBIENTE.ART. 305 A 310 C.P,1001,Actos que causan contaminación o degradación del medio ambiente,alta,10012,0.8336106592410534,10013,0.833300274802749
545,PORTAR APARATOS DE COMUNICACIÓN EN RECINTOS PENITENCIARIOS.ART. 304 TER C.P,806,Actos contra el sistema de justicia,alta,9033,0.82908532390462,9011,0.8234877859698889
546,"OMISIÓN DENUNCIA POR FUNCIONARIO PÚBLICO DE TENENCIA ELEMENTOS TECNOLÓGICOS.ART. 304 TER C.P,",8069,Otros actos contra el sistema de justicia,alta,9033,0.8305093419986147,903,0.8282650209424608
547,PORTAR INJUSTIFICADAMENTE COMBUSTIBLE EN LUGARES DE USO PÚBLICO.ART. 288 TER C.P,9011,Posesión o uso de armas y explosivos,alta,8019,0.8440691587897065,9011,0.8404796106949195
548,REGISTRO DE LAS ACTUACIONES POLICIALES.ART. 228 BIS C.P.P,9032,Injerencia ilícita en sistemas o datos informáticos,alta,9032,0.8299002517179545,8022,0.82350305227273
549,CONTAMINACIÓN GRAVE IMPRUDENTEART. 309,10,,alta,206,0.8473304670174266,2069,0.8467580324048928
551,"DELITOS MEDIOAMBIENTALES DOLOSOSART. 305, 306, 307, 308 Y 310",1001,Actos que causan contaminación o degradación del medio ambiente,alta,1002,0.8355338134791171,6012,0.8351531432498636
552,ASOCIACIÓN ILÍCITA PARA LA COMISIÓN DE SIMPLES DELITOS,NINGUNO,,alta,905,0.8465674690360453,9051,0.8420313697019679
553,ASOCIACIÓN ILÍCITA PARA LA COMISIÓN DE CRÍMENES,9051,Participación en un grupo delictivo organizado,alta,905,0.8448656169802143,9051,0.8394379224231724
554,AMENAZA U OFRECIMIENTO DE BENEFICIO ECONÓMICO PARA PRESTAR FALSO TESTIMONIO U OMITIR DECLARAR EN PROCESO POR ASOCIACIÓN ILÍCITA,8061,Obstrucción de la justicia,alta,204,0.8398050329592354,709,0.8397179613080571
597,DECLARACIÓN FALSA DENUNCIANTE ANÓNIMOART. 100 QUÁTER CÓDIGO TRIBUTARIO,7019,Otros actos de fraude,alta,709,0.840876861763851,6019,0.8283113333565402
599,OTROS DELITOS CONTRA EL ORDEN Y LA SEGURIDAD PÚBLICOS COMETIDOS POR PARTICULARES,801,Actos contrarios a las normas de conducta orientadas al mantenimiento del orden público,media,8012,0.8555906968434228,809,0.8526454078315803
602,ABANDONO DE NIÑOS,20611,Negligencia en situaciones de menores bajo cuidado,alta,20611,0.8475890243505904,809,0.8431355831685808
603,ABANDONO DE CONYUGE O PARIENTES ENFERMOS,20612,Negligencia en situaciones de otras personas dependientes bajo cuidado,alta,20612,0.8508316932466007,20619,0.836944556949717
604,USURPACIÓN DE ESTADO CIVIL,211,Transgresiones contra las personas,alta,204,0.8395802973923735,2119,0.8374750772071492
605,INDUCIR A UN MENOR A ABANDONAR EL HOGAR,2021,Secuestro de menores,alta,2021,0.8371850472251355,30222,0.835938215343871
608,ESTUPRO,30113,Violación por presunción legal,alta,204,0.8575708814693768,11011,0.8445756726205664
609,INCESTO,8029,Otros actos contrarios a las normas de conducta sexual orientadas al mantenimiento del orden público,alta,2119,0.8357303767669022,8029,0.8350459786274335
610,PROMOVER O FACILITAR LA EXPLOTACIÓN SEXUAL DE MENOR DE 18 AÑOS,30222,Prostitución infantil,alta,30222,0.8538663693064832,3022,0.8530822468439994
611,SODOMIA,30113,Violación por presunción legal,alta,8029,0.8476320806281273,204,0.8359693603861403
615,ULTRAJE PÚBLICO A LAS BUENAS COSTUMBRES,8029,Otros actos contrarios a las normas de conducta sexual orientadas al mantenimiento del orden público,alta,8029,0.8560730113491498,8012,0.8505955466281524
617,BIGAMIA,8029,Otros actos contrarios a las normas de conducta sexual orientadas al mantenimiento del orden público,alta,8029,0.8618620107424345,8012,0.833326474031316
619,ABUSO SEXUAL SIN CONTACTO CORPORAL DE MAYOR DE 14 AÑOS Y MENOR DE 18 AÑOS,30229,Otras formas de explotación sexual de menores,alta,30223,0.8570666173591946,8022,0.8511195477091887
620,ABUSO SEXUAL SIN CONTACTO CORPORAL DE MENOR 14 AÑOS,30229,Otras formas de explotación sexual de menores,alta,30223,0.8570237503785967,8022,0.8519384265953877
621,VIOLACIÓN DE MENOR DE 14 AÑOS,30113,Violación por presunción legal,alta,30113,0.8482061630028803,204,0.8419642784063275
623,ABUSO SEXUAL CON CONTACTO CORPORAL DE MENOR DE 14 AÑOS,30121,Agresión sexual física,alta,2119,0.8531747991394925,8029,0.8512920946786098
624,ABORTO CONSENTIDO POR CAUSALES NO REGULADAS,106,Feticidio ilegal,alta,11011,0.8461348720194057,106,0.8439800536137365
625,ABORTO SIN CONSENTIMIENTO,106,Feticidio ilegal,alta,106,0.8438668846141828,20111,0.8431414614125813
628,VIOLACIÓN CON HOMICIDIO O FEMICIDIO,101,Homicidio intencional,alta,2119,0.8363269369746693,11011,0.8349539507332556
629,PRODUCCIÓN MATERIAL PORNOGRÁFICO UTILIZANDO MENORES DE 18 AÑOS,30221,Pornografía infantil,alta,8022,0.8561590335502551,30221,0.8441010301877374
630,COMERCIALIZACIÓN MATERIAL PORNOGRÁFICO ELABORADO UTILIZANDO MENORES DE 18 AÑOS,30221,Pornografía infantil,alta,8022,0.8599851092606863,30221,0.856011807856124
631,ADQUISICIÓN O ALMACENAMIENTO MATERIAL PORNOGRÁFICO INFANTIL,30221,Pornografía infantil,alta,8022,0.8596539925495611,30221,0.8557384079663051
632,OBTENCIÓN DE LA REALIZACIÓN DE UNA ACCIÓN SEXUAL POR PARTE DE MENOR DE 18 AÑOS,30222,Prostitución infantil,alta,204,0.8678641858865787,30222,0.8617770050309511
633,ABUSO SEXUAL CALIFICADO (CON INTRODUCCIÓN DE OBJETOS O USO DE ANIMALES),30119,Otras formas de violación,alta,2119,0.8457175352708486,8029,0.8449044321307964
634,ABUSO SEXUAL DE MAYOR DE 14 Y MENOR DE 18 AÑOS CON CIRCUNSTANCIA DE ESTUPRO,30229,Otras formas de explotación sexual de menores,alta,8029,0.8548076182716182,204,0.8537780334665251
635,ABUSO SEXUAL DE MAYOR DE 14 (CON CIRCUNSTANCIAS DE VIOLACIÓN),30121,Agresión sexual física,alta,8029,0.8538619378115869,2119,0.8534163326574428
636,ABORTO COMETIDO POR FACULTATIVO POR CAUSALES NO REGULADAS,106,Feticidio ilegal,alta,106,0.8349455986533701,2119,0.8336933835643429
637,VIOLACIÓN DE MAYOR DE 14 AÑOS,3011,Violación,alta,204,0.8525919993942266,30113,0.8455500829544677
638,"CAPTACIÓN, GRABACIÓN Y DIFUSIÓN DE REGISTROS AUDIOVISUALES DE PARTES ÍNTIMAS",8022,Delitos de pornografía,alta,8022,0.8626998135310312,2119,0.8548730531762083
639,ABUSO SEXUAL DE MAYOR DE 14 AÑOS POR SORPRESA Y/O SIN CONSENTIMIENTO,3012,Agresión sexual,alta,204,0.8506663907202654,30113,0.8505488902596049
640,ACOSO SEXUAL EN LUGARES PÚBLICOS O DE LIBRE ACCESO PÚBLICO,8029,Otros actos contrarios a las normas de conducta sexual orientadas al mantenimiento del orden público,alta,8029,0.8494775260861825,2119,0.8477414188080099
647,TRANSMISIÓN DE IMÁGENES DE CONNOTACIÓN SEXUAL DE MENOR 18 AÑOS.ART. 367 SEPTIES,30221,Pornografía infantil,alta,8022,0.8514426415050059,30223,0.8410237298574766
648,COMERCIALIZACIÓN DE MATERIAL PORNOGRÁFICO DE MENORES DE 18 AÑOS.ART. 367 QUÁTER INC. 1º,30221,Pornografía infantil,alta,8022,0.8584731449381394,30221,0.8522312448339269
649,PRODUCCIÓN MATERIAL PORNOGRÁFICO UTILIZANDO MENORES DE 18 AÑOS.ART. 367 QUÁTER INC. 2º,30221,Pornografía infantil,alta,8022,0.8556526281365463,3022,0.8461034180554635
650,ADQUISICIÓN O ALMACENAMIENTO MATERIAL PORNOGRÁFICO INFANTIL.ART. 367 QUÁTER INC. 3°,30221,Pornografía infantil,alta,8022,0.8564733032408949,30221,0.8551898054468468
651,EXHIBICIÓN DE REGISTROS DE CONTENIDO SEXUAL SIN CONSENTIMIENTO.ART. 161 D C.P. INC 1º,8029,Otros actos contrarios a las normas de conducta sexual orientadas al mantenimiento del orden público,media,8022,0.8486290749393748,8029,0.8463569211312177
652,DIFUSIÓN DE REGISTROS DE CONTENIDO SEXUAL SIN CONSENTIMIENTO.ART. 161 D C.P. INC 2º,8029,Otros actos contrarios a las normas de conducta sexual orientadas al mantenimiento del orden público,media,8022,0.8614738419462066,8029,0.853799873640672
699,"OTROS DELITOS CONTRA EL ORDEN DE LAS FAMILIAS, CONTRA LA MORALIDAD PÚBLICA Y CONTRA LA INTEGRIDAD SEXUAL",8029,Otros actos contrarios a las normas de conducta sexual orientadas al mantenimiento del orden público,media,8029,0.8802172827231991,809,0.8653029426707233
701,PARRICIDIO,101,Homicidio intencional,alta,2119,0.8283415961078296,110131,0.8222864114515678
702,HOMICIDIO,101,Homicidio intencional,alta,110131,0.8437177608983304,2119,0.8417903994628465
703,HOMICIDIO CALIFICADO,101,Homicidio intencional,alta,2119,0.8540692965485672,11011,0.8506587488767734
705,HOMICIDIO EN RIÑA O PELEA,101,Homicidio intencional,alta,110131,0.8317898083374192,107,0.8265615286706991
706,AUXILIO AL SUICIDIO,1041,Suicidio asistido,alta,104,0.8462934892892361,1042,0.8419324398423279
707,INFANTICIDIO,101,Homicidio intencional,alta,106,0.8431072787979427,110131,0.8377279308419281
709,LESIONES GRAVES,20111,Agresión grave,alta,20619,0.8492060498807742,20111,0.849174154431443
710,LESIONES MENOS GRAVES,20112,Agresión leve,media,2069,0.8631871751933229,20619,0.8571574103910646
715,CALUMNIA,209,Difamación o insulto,alta,2099,0.8388216781902309,2091,0.8366879379929363
716,INJURIA,209,Difamación o insulto,alta,209,0.8512250774030758,2119,0.8506511791770206
717,LESIONES GRAVES GRAVISIMAS,20111,Agresión grave,alta,20111,0.8507131417986227,2069,0.843558338678189
718,CASTRACIÓN Y MUTILACIÓN,20111,Agresión grave,alta,2119,0.858810409135017,11011,0.8493812361552642
720,FEMICIDIO ÍNTIMO,101,Homicidio intencional,alta,2119,0.8385443921430871,106,0.8234417604505906
721,TRÁFICO DE MIGRANTES,8051,Delitos de tráfico ilícito de migrantes,alta,8051,0.884681217126422,2119,0.8583802966534586
722,TRÁFICO DE MIGRANTES COMETIDOS POR FUNCIONARIO PÚBLICO,8059,Otros actos ilícitos relacionados con la migración,alta,8051,0.8704026608035713,2119,0.8606460785456
723,TRATA DE PERSONAS PARA LA EXPLOTACIÓN SEXUAL,2041,Trata de personas con fines de explotación sexual,alta,204,0.8964263078096153,2119,0.8652753084820575
724,TRATA DE PERSONAS MENORES DE 18 AÑOS,204,Trata de personas,alta,204,0.8714627219925626,2119,0.8496114804012472
725,ASOCIACION ILÍCITA PARA EL TRÁFICO DE MIGRANTES Y /O TRATA DE PERSONAS,204,Trata de personas,alta,2119,0.8620548120504306,204,0.853700815973657
726,PROMOVER O FACILITAR ENTRADA O SALIDA DE PERSONAS DEL PAÍS PARA PROSTITUCIÓN,8021,Delitos de prostitución,media,8051,0.8640945283161833,2119,0.8579634002540868
727,TRATA DE PERSONAS PARA TRABAJOS FORZADOS Y OTROS DESCRITOS EN EL ART.411 QUATER INC.1°,2042,Trata de personas con fines de trabajo o servicios forzosos,alta,204,0.8943370670810774,2119,0.8695513114711647
763,MALTRATO CORPORAL A MENORES O PERSONAS VULNERABLES,219,Otros actos que causan daños o que tienen la intención de causar daños a las personas,alta,219,0.8526801144118515,20611,0.8526422264844289
764,MALTRATO COMETIDO POR PERSONA CON DEBER DE CUIDADO,219,Otros actos que causan daños o que tienen la intención de causar daños a las personas,media,20611,0.863925152005249,20619,0.8636281696649214
765,TRATOS DEGRADANTES A PERSONAS VULNERABLES,219,Otros actos que causan daños o que tienen la intención de causar daños a las personas,alta,204,0.842895838745638,110134,0.8396911518042038
766,FEMICIDIO NO ÍNTIMO,NINGUNO,,alta,2119,0.8462091727343135,8021,0.8402980835877004
767,LESIONES GRAVES Y MENOS GRAVES A MIEMBROS DE BOMBEROS EN EL EJERCICIO DE SUS FUNCIONES,20111,Agresión grave,alta,2069,0.8546240950789237,206,0.8430289773577742
768,"SUICIDIO FEMICIDA, INDUCCIÓN AL SUICIDIO Y/O AL SUICIDIO FEMICIDA.ART. 393 BIS; 390 SEXIES; 390 TER; C.P.Sanciona al que con ocasión de hechos previos constitutivos de violencia de género, cometidos por éste en contra de la víctima, causare el suicidio de una mujer. Sanciona a quien induzca a otra persona a cometer suicidio; Sanciona la inducción al suicidio y la consecuente muerte de la víctima cuando se produce con ocasión de concurrir cualesquiera de las circunstancias establecidas en el artículo 390 ter del CP",104,Suicidio asistido o incitación al suicidio,alta,1042,0.8428112461301993,11011,0.8390700069630994
769,CONSPIRACIÓN PARA COMETER HOMICIDIO CALIFICADO POR PREMIO O PROMESA REMUNERATORIA.ART. 391. BIS INC. 1º,101,Homicidio intencional,alta,7049,0.8461424289864302,11011,0.846078761405809
770,CONSPIRACIÓN PARA COMETER HOMICIDIO CALIFICADO POR PREMIO O PROMESA REMUNERATORIA CONTRA AUTORIDADES.ART. 391. BIS INC. 2º,NINGUNO,,alta,11011,0.8383235040299853,2119,0.8331297504030777
799,OTROS DELITOS CONTRA LAS PERSONAS,211,Transgresiones contra las personas,media,2119,0.8703201476750849,11011,0.8694182501028618
802,"ROBO CON INTIMIDACIÓN. ART. 433, 436 inc. 1º",401,Robo,alta,401,0.8393222559708629,40112,0.8381830995843536
803,"ROBO CON VIOLENCIA.ARTS. 433, 436 inc. 1° Y 439ART. 436 inc. 1° Sanciona a quien roba a otro, ejerciendo violencia sobre el afectado. ART. 433 Sanciona al que se apropia de cosa mueble ajena con agresión física antes, durante o después del hecho. ART. 439 También se considera violencia el caso en que para obtener la entrega o manifestación alegare orden falsa de alguna autoridad, o la diere por si, fingiéndose ministro de justicia o funcionario público. Fracture vidrios, encontrándose personas en su interior; o amenace la integridad de niños que se encuentren al interior del vehículo",401,Robo,alta,40112,0.8457481150989585,4019,0.8433123016570703
804,ROBO POR SORPRESA,40111,Robo a personas en lugares públicos,alta,7049,0.8389617647349573,401,0.8375100946580505
806,EXTORSIÓN,2051,Extorsión o chantaje,alta,2051,0.8450044755410151,204,0.8445402276296932
808,ROBO EN BIENES NACIONALES DE USO PÚBLICO O SITIOS NO DESTINADOS A HABITACIÓN,5024,Hurto de bienes públicos,alta,40111,0.8480445435753032,5024,0.8430678563883066
809,ROBO EN LUGAR HABITADO,5012,Robo con entrada ilícita en domicilios particulares,alta,501,0.8390826692406845,40112,0.8312859137590038
810,ROBO EN LUGAR NO HABITADO,501,Robo con entrada ilícita,alta,50122,0.8390795714738338,501,0.8372987555050175
811,ABIGEATO,4014,Robo de ganado,alta,5025,0.8406082306175183,4014,0.8381693845066364
812,RECEPTACIÓN,7049,Otros actos relacionados con el producto del delito,alta,7049,0.8372493732277889,702,0.8363751158347797
814,DESTRUCCIÓN O ALTERACIÓN DE DESLINDES,504,Daños a la propiedad,alta,504,0.8347852843316914,5049,0.8346122479239062
815,INSOLVENCIA PUNIBLE (ALZAMIENTO DE BIENES),NINGUNO,,alta,7049,0.8350273101376555,5049,0.8321811424223514
816,ESTAFAS Y OTRAS DEFRAUDACIONES CONTRA PARTICULARES,7019,Otros actos de fraude,alta,70212,0.8543589069377544,70211,0.8483082475817678
817,USURA,8042,Actos contrarios a disposiciones comerciales o financieras,alta,7049,0.8286038814833222,8045,0.8253995038709824
821,HURTO DE HALLAZGO,50229,Otras formas de hurto de bienes personales,alta,50229,0.8324598156609516,5023,0.8318886642326614
824,ABUSO DE FIRMA EN BLANCO,7023,Actos de falsificación de documentos,alta,7023,0.834282001783097,7049,0.830920111008035
825,INFRACCIÓN ARTÍCULO 454,7049,Otros actos relacionados con el producto del delito,alta,7049,0.8469722346141192,7022,0.8370484471467866
826,HURTO AGRAVADO,502,Hurto,alta,7049,0.8391733440940526,204,0.8331892687748745
827,ROBO CON HOMICIDIO,101,Homicidio intencional,alta,7049,0.8515694973853736,4019,0.8303334061327615
828,ROBO CON VIOLACIÓN,3011,Violación,alta,7049,0.8466947007927534,40112,0.8464260294566965
829,"ROBO CON CASTRACIÓN, MUTILACIÓN O LESIONES GRAVES GRAVÍSIMAS",20111,Agresión grave,alta,20111,0.8520411762347461,7049,0.8431342951519059
831,ROBO DE VEHÍCULO MOTORIZADO,40121,Robo de automóviles o vehículos,alta,5021,0.8538549824447502,50212,0.850473986534025
832,PORTAR ELEMENTOS CONOCIDAMENTE DESTINADOS A COMETER DELITO DE ROBO,NINGUNO,,alta,7022,0.8492154871233991,7049,0.8410636316868204
833,USURPACIÓN U OCUPACIÓN VIOLENTA DE INMUEBLE,409,Otros actos contra la propiedad que entrañan violencia o amenaza de violencia contra las personas,alta,509,0.8493081171342884,409,0.8473325217973351
834,USURPACIÓN U OCUPACIÓN DE INMUEBLE NO VIOLENTA SIN DAÑOS A LAS COSAS,509,Otros actos contra la propiedad solamente,alta,504,0.8390959360035392,509,0.838974413729972
835,INVASIÓN DE DERECHOS AJENOS,1004,Actos que provocan el agotamiento o la degradación de los recursos naturales,alta,2119,0.8399593650440659,211,0.8377876802299541
836,USURPACIÓN DE AGUAS,NINGUNO,,alta,10012,0.8333191677724278,8049,0.8325914641881348
838,INCENDIO CON RESULTADO DE MUERTE Y/O LESIONES,101,Homicidio intencional,alta,2069,0.8451194120842265,206,0.8408737001991553
839,OTROS ESTRAGOS,504,Daños a la propiedad,alta,5049,0.8566867848367071,110132,0.8507742087746453
840,DAÑOS SIMPLES,504,Daños a la propiedad,alta,504,0.8631970093750722,5049,0.8572983564664316
841,DAÑOS CALIFICADOS,504,Daños a la propiedad,alta,8049,0.8544243482815218,110132,0.8532222335653646
845,FRAUDE DE SUBVENCIONES,70111,Fraude financiero contra el Estado,media,701,0.8449503864435642,7049,0.8371255737168011
846,HURTO SIMPLE POR UN VALOR SOBRE 40 UTM,502,Hurto,alta,502,0.8334372097818515,5024,0.8304324501569785
847,HURTO SIMPLE POR UN VALOR DE 4 A 40 UTM,502,Hurto,alta,502,0.8364833470957675,5024,0.8352226430508288
848,HURTO SIMPLE POR UN VALOR DE MEDIA A 4 UTM,502,Hurto,alta,502,0.8392938097020672,5024,0.8330045372957335
849,APROPIACIÓN DE CABLES DE TENDIDO ELÉCTRICO O DE COMUNICACIONES,NINGUNO,,alta,7049,0.8335277425672772,2119,0.8302947798894104
851,INCENDIO DE BOSQUES,1009,Otros actos contra el entorno natural,alta,110132,0.83404202743917,504,0.8293417932873945
852,CELEBRACIÓN DE CONTRATO SIMULADO,709,"Otros actos que conllevan fraude, engaño o corrupción",media,7049,0.83306835695874,709,0.8260223242262075
853,HURTO DE BIENES PERTENECIENTES A REDES DE SUMINISTRO PÚBLICO,5024,Hurto de bienes públicos,alta,5026,0.8535352686376172,5024,0.8430408224963292
854,INCENDIO CON PELIGRO PARA LAS PERSONAS,504,Daños a la propiedad,alta,504,0.8368714787112151,90119,0.8353899442498739
855,INCENDIO SOLO CON DAÑOS O SIN PELIGRO DE PROPAGACIÓN,504,Daños a la propiedad,alta,504,0.8480440658047635,5049,0.8377667966712126
856,APROPIACIÓN INDEBIDA,502,Hurto,alta,7049,0.8518425738226582,702,0.8433559819669388
857,DEPOSITARIO ALZADO,509,Otros actos contra la propiedad solamente,alta,7049,0.820912148277104,8062,0.8122421425073216
858,ROBO CON FUERZA DE CAJEROS AUTOMÁTICOS,40131,Robo a instituciones financieras,alta,7049,0.8408097426762895,40131,0.837988422513756
859,"DEUDOR, GERENTES, DIRECTORES, ADMINISTRADORES O REPRESENTANTES QUE ACTÚEN EN PERJUICIO DE LOS ACREEDORES",8042,Actos contrarios a disposiciones comerciales o financieras,alta,2069,0.8310117839388134,8042,0.8293481709473535
860,"VEEDOR O LIQUIDADOR QUE REALICE CONDUCTAS SEÑALADAS EN LOS ARTS. 464, 464 BIS, 464 TER, 464 QUATER",8042,Actos contrarios a disposiciones comerciales o financieras,alta,709,0.8324617921526544,7049,0.8315014679736554
861,ROBO CON LESIONES GRAVES,501,Robo con entrada ilícita,alta,20111,0.848513561662627,20619,0.8430114342830803
862,ROBO CON RETENCIÓN DE VÍCTIMAS O LESIONES GRAVES,4011,Robo a personas,alta,204,0.8413864298784358,20619,0.8362504696968591
863,ADMINISTRACIÓN DESLEAL DE PERSONA NATURAL,7032,Malversación o peculado,alta,20619,0.8454884698413645,2119,0.8426868754321624
864,RECEPTACION COMETIDA POR PERSONA JURÍDICA,7049,Otros actos relacionados con el producto del delito,alta,7049,0.8459703679950784,702,0.8445535202309862
865,ADMINISTRACIÓN DESLEAL DE PERSONA JURÍDICA,7032,Malversación o peculado,alta,20619,0.843356139627433,2119,0.8403879161634948
866,APROPIACIÓN INDEBIDA COMETIDO POR PERSONA JURÍDICA,709,"Otros actos que conllevan fraude, engaño o corrupción",media,7049,0.8552677593205033,702,0.845263136650819
867,"ROBO DE VEHÍCULO MOTORIZADO POR SORPRESA, VIOLENCIA O INTIMIDACIÓN",40121,Robo de automóviles o vehículos,alta,50212,0.8545893265961652,20223,0.8538520926975125
868,ROBO DE VEHÍCULO UTILIZANDO ELEMENTOS DISTRACTIVOS,50211,Hurto de vehículos terrestres de motor,alta,50212,0.8488056015579419,20223,0.8441080354405853
869,RECEPTACIÓN DE VEHÍCULOS MOTORIZADOS,7049,Otros actos relacionados con el producto del delito,alta,50212,0.846369396203168,20223,0.8460908622994058
870,ROBO CON OCASIÓN DE CALAMIDAD O ALTERACIÓN AL ORDEN PÚBLICO,4019,Otros actos de robo,media,8012,0.8370658555682469,40111,0.8329880476126981
871,HURTO CON OCASIÓN DE CALAMIDAD O ALTERACIÓN AL ORDEN PÚBLICO,502,Hurto,alta,8012,0.8394822915427834,902,0.835977677417282
872,SAQUEO,409,Otros actos contra la propiedad que entrañan violencia o amenaza de violencia contra las personas,alta,501,0.8471503006569019,5011,0.8460055613582672
877,PORTE DE ELEMENTOS PARA PROVOCAR INCENCIO O ESTRAGOS,90112,Posesión o uso ilícitos de otras armas o explosivos,alta,9011,0.850415181299838,901,0.8402985112134728
891,SUSTRACCIÓN DE MADERA.ART. 448 SEPTIES INC. 1º Y 448 OCTIES INC. 1º,10041,Tala ilegal,alta,10041,0.8477859390149279,10042,0.8306773463003685
892,SUSTRACCIÓN DE MADERA PERSONA JURÍDICA. ART. 448 SEPTIES INC. 1º Y 448 OCTIES INC. 1º (EN RELACIÓN AL ART. 1° DE LA LEY 20.393),10041,Tala ilegal,alta,10041,0.8440174070078083,2119,0.8334567845115594
896,POSESIÓN O TENENCIA ILEGÍTIMA DE MADERA. ART. 448 OCTIES INC 1ºSanciona quien tenga en su poder troncos o trozas de madera o no pueda justificar su adquisición o posesión legítima,10041,Tala ilegal,alta,10041,0.8329060632514117,509,0.8211224601261174
897,FALSIFICACIÓN DE DOCUMENTOS PARA TRANPORTAR O COMERCIALIZAR MADERA. ART. 448 OCTIES INC 2ºSanciona a quien falsifique o maliciosamente haga uso de documentos falsos para obtener guías o formularios con miras a trasladar o comercializar madera de manera ilícita,7023,Actos de falsificación de documentos,alta,7023,0.8512198560173387,702,0.8435108438382041
898,PAGO DE REMUNERACIÓN DESPROPORCIONADA INFERIOR AL IMM. ART. 472 BIS C.P,8082,Violaciones del derecho laboral individual,alta,8082,0.8291456568255446,8045,0.8280489197269172
899,OTROS DELITOS CONTRA LA PROPIEDAD,509,Otros actos contra la propiedad solamente,alta,509,0.8635915722263976,7049,0.8541255792636991
901,CUASIDELITO DE LESIONES,206,Negligencia,alta,2069,0.8696436472145925,206,0.8650494428688815
905,CUASIDELITO DE HOMICIDIO,1032,Homicidio culposo,alta,2069,0.8573982835331809,206,0.8548428727992254
910,CUASIDELITO DE LESIONES COMETIDO POR PROFESIONALES DE LA SALUD,2062,Negligencia profesional,alta,2062,0.8616912554739696,2069,0.8521146707983888
911,CUASIDELITO DE HOMICIDIO COMETIDO POR PROFESIONALES DE LA SALUD,10322,Homicidio no ocasionado por tránsito vehicular,alta,2069,0.8531639029108269,2062,0.8494408301860308
912,DUPLICACIÓN DE INSCRIPCIONES DE DERECHOS DE AGUA,8049,Otros actos contra la administración pública o contra disposiciones regulatorias,alta,8049,0.8035602815290944,6029,0.79961154748909
999,OTROS DE LOS CUASIDELITOS,2069,Otros actos de negligencia,media,11011,0.8092044441307626,2119,0.8044372964908003
1001,PRESUNTA DESGRACIA,NINGUNO,,alta,20612,0.8351008580248842,2069,0.8321335211774643
1002,MUERTE Y HALLAZGO DE CADÁVER,NINGUNO,,alta,2119,0.8309003926329126,11011,0.8191394901495161
1006,HALLAZGO DE VEHÍCULO,NINGUNO,,alta,50219,0.8161293172641768,50222,0.8138105367094335
1014,PRESUNTA DESGRACIA INFANTIL,NINGUNO,,alta,20611,0.8410601684345239,2021,0.8375869326004757
1018,HALLAZGO DE DROGAS,6019,Otros actos ilícitos relacionados con drogas o precursores sujetos a fiscalización,media,6012,0.8440750935662203,601,0.84262349325244
1099,OTROS HECHOS QUE NO CONSTITUYAN DELITO,NINGUNO,,alta,2119,0.8516406854845958,1109,0.8512773385655421
1100,USURPACIÓN U OCUPACIÓN NO VIOLENTA PERO CON DAÑO EN LAS COSAS. ART. 457 BIS,504,Daños a la propiedad,alta,5042,0.8412248907590504,504,0.840714746747742
1101,ENGAÑO PARA CELEBRAR CONTRATOS PARA TRANSFERIR INMUEBLES. ART. 470 BIS,709,"Otros actos que conllevan fraude, engaño o corrupción",alta,709,0.8482494981856309,702,0.8420461104527439
1102,INCENDIO SOLO CON DAÑOS A TERCEROS.ARTS. 477 CÓDIGO PENAL,504,Daños a la propiedad,alta,504,0.8419511052211376,5049,0.8350226224111358
1103,INCENDIO DE COSAS DE VALOR INFERIOR A 4 SUELDOS VITALES. ARTS. 478 CÓDIGO PENAL,5042,Daños a bienes personales,alta,504,0.842975733683091,5049,0.8265531124581081
2002,SABOTAJE INFORMÁTICO,9032,Injerencia ilícita en sistemas o datos informáticos,alta,9032,0.881756981329305,90322,0.8670939669836286
2003,ESPIONAJE INFORMÁTICO,9033,Interceptación o acceso ilícitos a datos informáticos,alta,9033,0.8783060158598218,9032,0.8693415940058121
2004,ATAQUE A LA INTEGRIDAD DE UN SISTEMA INFORMÁTICO,9032,Injerencia ilícita en sistemas o datos informáticos,alta,9032,0.8805289632521697,90322,0.8562563624308818
2005,ACCESO ILÍCITO,9031,Acceso ilícito a sistemas informáticos,alta,9031,0.8714835766825059,9033,0.8630531178880648
2006,INTERCEPTACIÓN ILÍCITA,9033,Interceptación o acceso ilícitos a datos informáticos,alta,9033,0.8847818024027955,9032,0.860282848804927
2007,ATAQUE A LA INTEGRIDAD DE LOS DATOS INFORMÁTICOS,90322,Injerencia ilícita en datos informáticos,alta,9032,0.8747272478878803,90322,0.8721029348843986
2008,FALSIFICACIÓN INFORMÁTICA,7023,Actos de falsificación de documentos,alta,90322,0.8520824586334751,7023,0.8515589348463959
2009,RECEPTACIÓN DE DATOS INFORMÁTICOS,7049,Otros actos relacionados con el producto del delito,alta,9033,0.8664189494587955,702,0.8433331005715177
2010,OTROS FRAUDES INFORMÁTICOS,9032,Injerencia ilícita en sistemas o datos informáticos,alta,9032,0.8641567769518098,70212,0.8580104053947516
2011,ABUSO DE LOS DISPOSITIVOS,9039,Otros actos contra sistemas informáticos,alta,70212,0.8501548187805635,702,0.8465905080609865
3001,OBTENCION FRAUDULENTA DE CRÉDITOS,70112,Fraude financiero contra personas naturales o jurídicas,alta,701,0.8422665338390916,702,0.8376794366631165
3002,"ALTERAR, OCULTAR O DESTRUIR BALANCES, LIBROS ANTECEDENTES SUJETO A FISCALIZACIÓN",7023,Actos de falsificación de documentos,alta,7041,0.836456922727293,709,0.8303078988650252
3003,INVASIÓN DEL GIRO BANCARIO,8042,Actos contrarios a disposiciones comerciales o financieras,alta,40131,0.8239715516804601,40132,0.8220696265369686
3099,"OTROS DELITOS LEY GENERAL DE BANCOS.ART. 110, 141, 142, 154, 157, 159 Y 161. DFL 252 DE 1960",8042,Actos contrarios a disposiciones comerciales o financieras,media,709,0.8429786565739193,70212,0.8351488248887133
4003,GIRO DOLOSO DE CHEQUES (FALTA DE FONDOS) AC. PENAL PRIVADA,7011,Fraude financiero,alta,7011,0.8308189997221905,7021,0.8289539177726711
4004,GIRO DOLOSO DE CHEQUES (CUENTA CERRADA) AC. PENAL PRIVADA,7011,Fraude financiero,alta,6029,0.829330988521113,7049,0.8241813303315525
4005,GIRO DOLOSO DE CHEQUES AC. PENAL PÚBLICA,709,"Otros actos que conllevan fraude, engaño o corrupción",alta,8019,0.82890920510266,804,0.8244336080707829
4006,TACHA FALSA DE FIRMA AUTENTICA. AC. PENAL PÚBLICA,7023,Actos de falsificación de documentos,media,7023,0.8265189985798456,702,0.8204400590259637
4099,OTROS DELITOS LEY DE CUENTAS CORRIENTES BANCARIAS Y CHEQUES,70212,Falsificación de medios de pago distintos del efectivo,media,7049,0.8467745832863274,11029,0.8427617880205641
5001,DELITOS QUE CONTEMPLA EL CÓDIGO TRIBUTARIO,8041,Actos contrarios a las disposiciones relativas a los ingresos públicos,alta,7049,0.855783280300276,7022,0.8553708196059032
5002,COMERCIO CLANDESTINO,NINGUNO,,alta,6012,0.8440769107858929,60129,0.8429716989847724
5003,DECLARACIÓN MALICIOSA DE IMPUESTOS,804,Actos contrarios a las disposiciones relativas a los ingresos públicos u otras disposiciones regulatorias,alta,709,0.8480678284942825,7019,0.8459135273866292
5004,OBTENCION INDEBIDA DE DEVOLUCIÓN DE IMPUESTOS,8041,Actos contrarios a las disposiciones relativas a los ingresos públicos,alta,702,0.847953053280921,70212,0.8436056435942038
5005,FACILITACIÓN DE FACTURAS FALSAS,7023,Actos de falsificación de documentos,alta,7021,0.8624819312731131,70211,0.857273483868235
5006,FALTA AL DEBER DE INFORMAR.ART. 66 BIS CÓDIGO TRIBUTARIO,8041,Actos contrarios a las disposiciones relativas a los ingresos públicos,media,709,0.8184516315926761,702,0.8147351582697306
5098,OTROS DELITOS DEL CÓDIGO TRIBUTARIO,8041,Actos contrarios a las disposiciones relativas a los ingresos públicos,alta,7049,0.8433382777888014,8045,0.8379133675875345
5099,INFRACCIONES TRIBUTARIAS CONTEMPLADAS EN OTRAS LEYES,804,Actos contrarios a las disposiciones relativas a los ingresos públicos u otras disposiciones regulatorias,alta,11029,0.8568746015908957,2119,0.853374535459065
7001,ELABORACION ILEGAL DE DROGAS O SUSTANCIAS SICOTRÓPICAS,60122,Fabricación ilícita de drogas sujetas a fiscalización no destinadas al consumo personal,alta,60122,0.8626090174809817,6019,0.858743387663415
7006,CULTIVO ESPECIES VEGETALES ESTUPEFACIENTES/FALSIFICACIÓN DE RECETAS. ART. 8 LEY Nº 20.000,601,Actos ilícitos relacionados con drogas o precursores sujetos a fiscalización,alta,6011,0.864346879128316,60112,0.8608210024763274
7007,TRÁFICO ILÍCITO DE DROGAS,6012,"Tráfico, cultivo o producción ilícitos de drogas o precursores sujetos a fiscalización no destinados al consumo personal",alta,6012,0.8766066237798752,60212,0.8749017227793735
7014,ASOCIACIONES ILÍCITAS LEY DE DROGAS,905,Actos relacionados con grupos delictivos organizados,alta,6019,0.8547986573674693,6029,0.8537506095009013
7031,PRODUCCIÓN Y TRÁFICO POR DESVÍO DE PERSECUTORES,60124,Desviación ilícita de precursores no destinados al consumo personal,alta,60124,0.8832951142751456,6012,0.8829688627612519
7032,SUMINISTRO INDEBIDO DE DROGAS,60124,Desviación ilícita de precursores no destinados al consumo personal,media,6012,0.8586345986871509,60121,0.856623092925102
7033,PRESCRIPCIÓN MÉDICA ABUSIVA DE DROGAS ESTUPEFACIENTES O SICOTRÓPICAS,6019,Otros actos ilícitos relacionados con drogas o precursores sujetos a fiscalización,alta,6019,0.8491285998654302,601,0.8390985290471777
7034,SUMINISTRO DE HIDROCARBUROS A MENORESART. 5BIS,2071,Actos que ponen en peligro la salud,alta,602,0.8362456636956445,6029,0.8340860517431916
7037,MICROTRÁFICO (TRÁFICO DE PEQUEÑAS CANTIDADES),60121,Tráfico ilícito de drogas sujetas a fiscalización no destinadas al consumo personal,alta,6012,0.8540579037400208,60121,0.8522375797133178
7038,CONSUMO O PORTE EN LUGARES PÚBLICOS O PRIVADOS CON PREVIO CONCIERTO,6019,Otros actos ilícitos relacionados con drogas o precursores sujetos a fiscalización,alta,6019,0.8526855784802002,6012,0.8517917636953213
7039,CONSUMO O PORTE DE DROGAS EN LUGARES CALIFICADOS,60111,"Posesión, adquisición o uso ilícitos de drogas sujetas a fiscalización para consumo personal",alta,6029,0.8480338894137323,6019,0.8477350729555947
7042,FACILITACIÓN DE BIENES AL TRÁFICO DE DROGAS,60121,Tráfico ilícito de drogas sujetas a fiscalización no destinadas al consumo personal,alta,601,0.8629869483994863,60129,0.8597283436292893
7043,TOLERANCIA AL TRÁFICO O CONSUMO DE DROGAS,6019,Otros actos ilícitos relacionados con drogas o precursores sujetos a fiscalización,media,6012,0.8536214014265211,60212,0.8535187963056622
7044,TRÁFICO DE ESPECIES VEGETALES,6012,"Tráfico, cultivo o producción ilícitos de drogas o precursores sujetos a fiscalización no destinados al consumo personal",alta,6012,0.8551224952028532,60129,0.8529954872762138
7045,OMISIÓN DE DENUNCIAR POR FUNCIONARIO PÚBLICO,6019,Otros actos ilícitos relacionados con drogas o precursores sujetos a fiscalización,media,6029,0.8289188184455086,60129,0.8259651701747946
7046,DELITOS COMETIDOS POR PERSONAL MILITAR Y GENTE DE MAR,601,Actos ilícitos relacionados con drogas o precursores sujetos a fiscalización,alta,6029,0.8538417145242646,601,0.8479480889193591
7047,CONSPIRACIÓN DE LEY 20.000,8064,Conspiración,alta,6029,0.8492739431065376,601,0.845107080249484
7048,"NEGATIVA INJUSTIFICADA DE NOTARIOS, CONSERVADORES Y ARCHIVEROS A ENTREGAR COPIA DE INSTRUMENTOS Y DATOS",NINGUNO,,alta,6012,0.8405484819850584,6019,0.8368978538673006
7049,DIFUSIÓN DE IDENTIDAD DE TESTIGOS PROTEGIDOS,NINGUNO,,alta,6019,0.84315734853795,60124,0.8413810416522818
7050,USO MALICIOSO DE IDENTIDAD ANTERIOR,2119,Otras transgresiones contra las personas,media,6019,0.8396550455828827,2071,0.8331830297042159
7051,"VIOLACIÓN DE SECRETO PARCIAL DE LA INVESTIGACIÓN Y DE LA IDENTIDAD DE AGENTES ENCUBIERTOS, AGENTES REVELADORES, ETC",2119,Otras transgresiones contra las personas,alta,6019,0.8402105045960288,6029,0.8373306980013744
7052,VIOLACIÓN DEL SECRETO ABSOLUTO DE LA INVESTIGACIÓN,NINGUNO,,alta,6019,0.8355741085483814,6029,0.8337075714367422
7053,"ABANDONAR EN LUGAR DE FÁCIL ACCESO PLANTAS, SEMILLAS U OTRAS",60129,"Otros actos ilícitos de tráfico, cultivo o producción de drogas o precursores sujetos a fiscalización no destinados al consumo personal",media,6012,0.8490253491066503,60129,0.8463910589856208
7054,SUMINISTRO DE ESTUPEFACIENTES SIN CONSENTIMIENTOART. 5,2071,Actos que ponen en peligro la salud,media,11011,0.8481783403435578,2071,0.8469237942623589
7099,OTROS DELITOS DE LA LEY 20.000,60129,"Otros actos ilícitos de tráfico, cultivo o producción de drogas o precursores sujetos a fiscalización no destinados al consumo personal",media,6029,0.85776255215188,60129,0.85403902137786
8002,DELITOS MARCARIOS,7022,Delitos relacionados con productos falsificados,alta,7022,0.8397566336764737,503,0.8348985291550499
8003,DEMÁS DELITOS CONTEMPLADOS EN LA LEY DE PROPIEDAD INDUSTRIAL,503,Delitos contra la propiedad intelectual,alta,7022,0.8443438347229588,60129,0.8405451297967651
9002,FALSIFICACIÓN DE OBRAS PROTEGIDAS POR LEY DE PROPIEDAD INTELECTUAL,503,Delitos contra la propiedad intelectual,alta,702,0.840809739687564,7022,0.8262766706810426
9003,VENTA ILÍCITA DE OBRAS PROTEGIDAS POR LEY DE PROPIEDAD INTELECTUAL,503,Delitos contra la propiedad intelectual,alta,60212,0.835879705222982,702,0.8340910085307098
9004,UTILIZACIÓN SIN AUTORIZACIÓN DE OBRAS DE DOMINIO AJENO POR LEY DE PROPIEDAD INTELECTUAL,503,Delitos contra la propiedad intelectual,alta,2119,0.8256838228150511,9033,0.8237922129325126
9099,DEMÁS DELITOS CONTEMPLADOS EN LA LEY DE PROPIEDAD INTELECTUAL,503,Delitos contra la propiedad intelectual,alta,7049,0.8471195232270214,70212,0.8463108453917566
10001,"POSESIÓN, TENENCIA O PORTE DE ARMAS SUJETAS A CONTROL",9011,Posesión o uso de armas y explosivos,alta,9011,0.8799565418805754,901,0.8615752262514487
10008,PORTE DE ARMA PROHIBIDA,90111,Posesión o uso ilícitos de armas de fuego,alta,90111,0.859290258321586,9011,0.857650186786245
10009,POSESIÓN O TENENCIA DE ARMAS PROHIBIDAS,9011,Posesión o uso de armas y explosivos,alta,9011,0.8689353526973943,90111,0.8660963361281523
10010,TRÁFICO DE ARMAS,9012,Tráfico de armas y explosivos,alta,901,0.8710282858879453,9012,0.8639221739945914
10011,"POSESIÓN, TENENCIA O PORTE DE MUNICIONES Y SUSTANCIAS QUÍMICAS",9011,Posesión o uso de armas y explosivos,alta,9011,0.8756250375827358,901,0.8562118648459338
10012,"PORTE DE ARMA DE GUERRA, QUÍMICA, BIOLÓGICA O NUCLEAR",9011,Posesión o uso de armas y explosivos,alta,9011,0.8637681552991124,901,0.8482411668984186
10013,"POSESIÓN O TENENCIA DE ARMA DE GUERRA, QUÍMICA, BIOLÓGICA O NUCLEAR",9011,Posesión o uso de armas y explosivos,alta,9011,0.8746528679141734,90111,0.8537894561252534
10014,ENTREGA O PUESTA A DISPOSICIÓN DE ARMAS A MENORES,9012,Tráfico de armas y explosivos,alta,9011,0.860492538672817,901,0.8578221241004342
10015,"COLOCACIÓN DE BOMBA O ARTEFACTOS.ART. 14 D INC. 1°, 2° , 3º, 4º y 5°",90112,Posesión o uso ilícitos de otras armas o explosivos,alta,9011,0.863266035557791,901,0.8534110068674292
10016,DISPAROS INJUSTIFICADOS EN LA VÍA PÚBLICA,90111,Posesión o uso ilícitos de armas de fuego,alta,9011,0.8418369223892656,9019,0.8412339284690828
10017,"ORGANIZAR, PERTENECER, FINANCIAR O COLABORAR CON MILICIAS PRIVADAS",908,Otros actos contra la seguridad pública y la seguridad del Estado,alta,9011,0.8348559015212311,8019,0.834072744923666
10018,"DELITOS REFERIDOS A LA LEY SOBRE ARMAS BIOLÓGICAS, QUÍMICAS O TOXÍNICAS",9012,Tráfico de armas y explosivos,media,9011,0.8474303351318554,90113,0.8432927181491399
10037,"ACCIONAR FUEGOS ARTIFICIALES, PIROTÉCNICOS O SIMILARES SIN AUTORIZACIÓN",90119,Otros actos relacionados con posesión o uso de armas y explosivos,alta,9011,0.8430231731708485,90119,0.8338114659974716
10038,POSESIÓN DE FUEGOS ARTIFICIALES,90119,Otros actos relacionados con posesión o uso de armas y explosivos,alta,9011,0.8589234673892637,90119,0.8408237170830603
10039,"FABRICACIÓN, ELABORACIÓN, MODIFICACIÓN, IMPORTACIÓN, EXPORTACIÓN, ADQUISICIÓN DE FUEGOS ARTIFICIALES.ART. 10 INC. 3º, Ley 21.310",90119,Otros actos relacionados con posesión o uso de armas y explosivos,alta,901,0.8495804045900351,90119,0.8491054355004921
10040,VENTA ILEGAL DE CARTUCHOS O MUNICIONES,9012,Tráfico de armas y explosivos,alta,9011,0.855461705911465,901,0.848683208472366
10041,ENTREGA DE ARMA O ELEMENTOS A MENORES DE EDAD,901,"Actos relacionados con armas, explosivos y otros materiales destructivos",alta,20611,0.8440136833243869,9011,0.8347859834244908
10042,BORRADO O DESTRUCCIÓN DEL Nº DE SERIE DE ARMA O MUNICIONES,90119,Otros actos relacionados con posesión o uso de armas y explosivos,alta,90119,0.848011445823922,9011,0.8406429855524052
10099,OTROS DELITOS DE LA LEY DE CONTROL DE ARMAS (LEY 17.798),90119,Otros actos relacionados con posesión o uso de armas y explosivos,alta,2119,0.8590346832024611,7049,0.8589632596793838
11001,MALTRATO DE OBRA A PERSONAL DE INVESTIGACIONES CON O SIN LESIONES,219,Otros actos que causan daños o que tienen la intención de causar daños a las personas,alta,2119,0.8427032746297551,11011,0.8321703955116301
11002,OBTENCIÓN DECLARACIONES FORZADAS,11011,Tortura,alta,11011,0.8259446004989272,809,0.8211045048617743
11003,CAUSAR LA MUERTE A PERSONAL DE LA POLICÍA DE INVESTIGACIONES,20111,Agresión grave,media,2119,0.8375223232466947,11011,0.8287265901180655
11004,AMENAZAR SIMPLE O CONDICIONALMENTE U OFENDER PÚBLICAMENTE A PERSONAL DE LA POLICÍA DE INVESTIGACIONES,201,Agresiones y amenazas,alta,211,0.8245301666577148,2119,0.8239869813779249
11005,"FALSIFICACION DE PLACAS, TARJETAS, TIMBRES Y SELLOS DE INVESTIGACIONES",702,Falsificación,alta,7021,0.8272554408958781,70211,0.8259633905273186
11006,"FALSIFICACIÓN DE PARTE POLICIAL.ART. 22Sanciona al funcionario que maliciosamente faltare a la verdad en los informes a sus superiores y, particularmente, en los partes enviados a los tribunales o a las autoridades administrativas",8061,Obstrucción de la justicia,alta,8069,0.8163145782277634,2069,0.8136462982073679
11099,OTROS DELITOS LEY ORGÁNICA DE INVESTIGACIONES,1109,Otros actos delictivos no clasificados en otra parte,media,11011,0.8504701606344133,2119,0.8473286326366274
11101,HOMICIDIO DE GENDARME EN EL DESEMPEÑO DE SUS FUNCIONES,101,Homicidio intencional,alta,2119,0.8258761126268063,110131,0.824639454309692
11102,MALTRATO DE OBRA A GENDARME EN EL DESEMPEÑO DE SUS FUNCIONES,20111,Agresión grave,media,2119,0.8321484769982652,11011,0.832109954184277
11103,AMENAZA A GENDARME EN EL DESEMPEÑO DE SUS FUNCIONES,8061,Obstrucción de la justicia,alta,902,0.8188310240604189,8012,0.8184300087935994
11104,"INGRESO ILEGÍTIMO DE APARATOS DE COMUNICACIONES Y TECNOLÓGICOS A CENTROS PENITENCIARIOS.ART. 304 BISSanciona al que sin estar legal o reglamentariamente autorizado al efecto ingresare, intentare o permitiere ingresar por cualquier medio a un establecimiento penitenciario intercomunicadores, teléfonos, partes de ellos, chips telefónicos u otros elementos tecnológicos que permitan comunicarse con el exterior. Asimismo, Sanciona las conductas anteriores perpetradas por un abogado, procurador o empleado público",8069,Otros actos contra el sistema de justicia,alta,9033,0.8315569871401309,903,0.8278908896011057
12010,INFRACCIÓN A LA LEY Nº 11.564 DE MATADEROS CLANDESTINOS,8049,Otros actos contra la administración pública o contra disposiciones regulatorias,alta,2119,0.835255928176617,11029,0.8295637028921513
12021,INFRACCIÓN POR CONTAMINACIÓN,10012,Actos que causan la contaminación o degradación del agua,alta,1009,0.8372742725202433,6029,0.8336846488824827
12022,OTRAS INFRACCIONES LEY 18.892 DE PESCA,NINGUNO,,alta,11029,0.8656581740890588,8019,0.8565205949706417
12023,PESCA ILEGAL,10039,Otras formas de comercio o posesión de especies protegidas o prohibidas de la fauna y la flora,alta,6012,0.8431752162181606,60129,0.8418400441369972
12031,FALSIFICACIÓN DE DINERO.ART. 64 Ley 18.840 DEL BANCO CENTRAL,70211,Falsificación de medios de pago en efectivo,alta,70211,0.8638063105670503,70212,0.8556170977852559
12032,FALSIFICACIÓN MALICIOSOSA DE DOCUMENTOS. ART. 59. LEY 18.840 DEL BANCO CENTRAL,7023,Actos de falsificación de documentos,alta,70212,0.845889106535673,70211,0.845237889862773
12051,CONTRABANDO. INFRACCIÓN A LA ORDENANZA DE ADUANAS,8044,Contrabando de bienes,alta,8041,0.8511791082480312,2119,0.8458077999381268
12052,FRAUDE ADUANERO. INFRACCIÓN A LA ORDENANZA DE ADUANAS,7023,Actos de falsificación de documentos,alta,702,0.8645600478762292,7023,0.8565102918030573
12053,RECEPTACIÓN ADUANERA. INFRACCIÓN A LA ORDENANZA DE ADUANAS,7049,Otros actos relacionados con el producto del delito,alta,7049,0.8501256118233278,702,0.8427233624979239
12054,OTRAS INFRACCIONES A LA ORDENANZA ADUANAS LEY 20.780,8041,Actos contrarios a las disposiciones relativas a los ingresos públicos,alta,2119,0.858286662693978,11029,0.858162748335191
12055,"CONTRABANDO DE ESPECIES EXÓTICAS.ART. 11, LEY 20.962",100312,Tráfico transfronterizo de especies protegidas,alta,100311,0.8503733688189091,1003,0.8482385976112734
12056,CONTRABANDO DE DINERO. ART.168 BIS DFL 30,8044,Contrabando de bienes,alta,70211,0.844315621879702,70212,0.8398123612986567
12071,OTORGAMIENTO IRREGULAR DE DOCUMENTOS,7023,Actos de falsificación de documentos,alta,7023,0.8443071467916454,8019,0.8386090177164214
12072,FALSIFICACIÓN DE LICENCIAS DE CONDUCIR Y OTRAS FALSIFICACIONES,7023,Actos de falsificación de documentos,alta,7023,0.8593290644711574,702,0.8523492761049986
12073,ACCIDENTE CON RESULTADO DE MUERTE O LESIONES GRAVES,10321,Homicidio por tránsito vehicular,alta,2063,0.8632734493777559,10321,0.8589268242089517
12074,CONDUCCIÓN SIN LA LICENCIA DEBIDA,907,Infracciones de tráfico no lesivas,alta,20722,0.8503619927559518,2063,0.8454410664094536
12076,INSTALACIÓN INDEBIDA DE SEÑALES DEL TRÁNSITO O BARRERAS,907,Infracciones de tráfico no lesivas,alta,2069,0.8313323770757494,2063,0.8301413435602478
12077,NO DAR CUENTA DE ACCIDENTE DE TRÁNSITO,907,Infracciones de tráfico no lesivas,alta,2063,0.8526956061845445,2069,0.8422395652243542
12078,CONDUCCIÓN BAJO LA INFLUENCIA DEL ALCOHOL CON O SIN DAÑOS O LESIONES LEVES,20721,Utilización de un vehículo bajo los efectos del alcohol,alta,2072,0.8784569751291441,20721,0.8747474540299872
12079,CONDUCCIÓN BAJO LA INFLUENCIA DEL ALCOHOL CAUSANDO LESIONES MENOS GRAVES,20721,Utilización de un vehículo bajo los efectos del alcohol,alta,20721,0.8760376651324439,2072,0.8756472634262878
12080,CONDUCCIÓN BAJO LA INFLUENCIA DEL ALCOHOL CAUSANDO LESIONES GRAVES,20721,Utilización de un vehículo bajo los efectos del alcohol,alta,2072,0.8729754101269456,20721,0.8713316703075811
12081,MALTRATO DE OBRA A CARABINERO,219,Otros actos que causan daños o que tienen la intención de causar daños a las personas,alta,2119,0.8394280534407634,8069,0.8351321671784581
12082,AMENAZAS A CARABINEROS,8061,Obstrucción de la justicia,alta,8069,0.8276948000802492,2119,0.8221776444200962
12086,MATAR A CARABINERO EN RAZÓN DE SU CARGO O EN EJERCICIO DE SUS FUNCIONES ART. 416 CÓDIGO DE JUSTICIA MILITAR,101,Homicidio intencional,alta,2119,0.8421853590762857,8069,0.8379286186214264
12087,"TRAICIÓN, ESPIONAJE, Y DEMAS DELITOS CONTRA SOBERANÍA Y SEGURIDAD EXTERIOR DEL ESTADO",904,Actos contra la seguridad del Estado,alta,904,0.8550398988422622,2119,0.8418750977382554
12088,USO DE UNIFORME O INSIGNIAS DE LAS FUERZAS ARMADAS O CARABINEROS DE CHILE,8019,Otros actos contrarios a las normas de conducta orientadas al mantenimiento del orden público,media,9011,0.8402874840007211,2119,0.8327377812643819
12089,OTRAS INFRACCIONES AL CODIGO DE JUSTICIA MILITAR,8069,Otros actos contra el sistema de justicia,media,2119,0.8539465555450785,8019,0.8533381506302221
12090,DELITOS CONTENIDOS EN LA LEY 19.620 DE ADOPCIÓN DE MENORES,20291,Adopción ilegal,alta,204,0.8620500291405823,20291,0.8605572493956014
12121,"EXTRANJEROS QUE INGRESAN O INTENTAN EGRESAR DEL PAIS CON DOCUMENTOS FALSIFICADOS, ADULTERADOS O A NOMBRE DE OTRO",8059,Otros actos ilícitos relacionados con la migración,alta,7023,0.8618191763919812,8059,0.8542812071932973
12122,EXTRANJEROS QUE INGRESAN O INTENTAN EGRESAR DEL PAÍS CLANDESTINAMENTE,8059,Otros actos ilícitos relacionados con la migración,alta,2119,0.8494114367319582,805,0.8404772072403404
12123,ROBO O HURTO DE MATERIAL DE GUERRA,401,Robo,alta,9011,0.8472946071312968,901,0.8402541541276738
12124,ADQUISICIÓN MATERIAL DE GUERRA O VESTUARIO INSTITUCIONES ARMADAS,901,"Actos relacionados con armas, explosivos y otros materiales destructivos",alta,2119,0.834306795055029,9011,0.8319292683930818
12125,FALSEDADES,7029,Otros actos de falsificación,alta,7022,0.831920705369193,7021,0.8314474553745301
12130,RECONOCIMIENTO MALICIOSO DE POSESION REGULAR,509,Otros actos contra la propiedad solamente,media,2119,0.8285711604328263,8049,0.8220661337414148
12131,VIGILANCIA PRIVADA NO AUTORIZADA,809,"Otros actos contra el orden público, la autoridad y las disposiciones del Estado",media,2119,0.8276118427524561,8019,0.8263143653812579
12132,"INFRACCIÓN LEY GRAL. DE TELECOMUNICACIONES LETRAS A, B, C, D, F, G y H (EXCLUYE LETRA E)",9033,Interceptación o acceso ilícitos a datos informáticos,media,9033,0.8474097122105989,9032,0.8399225623138594
12133,LAVADO DE DINERO PERSONA NATURAL,7041,Blanqueo de dinero,alta,7041,0.853291068596655,7049,0.8424675995721993
12134,OTRAS INFRACCIONES A LA LEY 19.913,8049,Otros actos contra la administración pública o contra disposiciones regulatorias,media,8019,0.857829447378034,2119,0.8577107403183577
12135,INFRACCIÓN A LA LEY MERCADO DE VALORES,8045,Manipulación del mercado o utilización indebida de información privilegiada,alta,8045,0.8535652955947822,702,0.8407608415725496
12136,ENSEÑANZA NO AUTORIZADA DE ARTES MARCIALES,9019,Otros actos relacionados con armas y explosivos,media,8019,0.832220966365849,9019,0.8303706831184858
12137,"CORTE O DESTRUCCIÓN DE ÁRBOLES O ARBUSTOS. REGLAMENTO ART.21 DCTO.4363, 1931 Y LEY DE BOSQUES",10041,Tala ilegal,alta,10041,0.8343679853744859,11029,0.8322710307679484
12138,CAZA Y COMERCIALIZACIÓN DE ESPECIES PROHIBIDAS,1003,Comercio o posesión de especies protegidas o prohibidas de la fauna y la flora,alta,1003,0.8499423693242534,10042,0.8496398783047667
12139,INFRACCIONES AL CÓDIGO AERONÁUTICO,NINGUNO,,alta,2119,0.8385952761834095,8019,0.833276244517301
12140,TRÁFICO DE ÓRGANOS (INCLUYE PROVENIENTES DE ABORTO). ART. 13 LEY 19.451 SOBRE TRASPLANTE Y DONACIÓN DE ORGANOS,2119,Otras transgresiones contra las personas,alta,2119,0.8670560996249922,2043,0.8569369563122596
12141,INFRACCIÓN AL ESTATUTO DE CAPACITACION Y EMPLEO,709,"Otros actos que conllevan fraude, engaño o corrupción",alta,8019,0.8257976392282226,8059,0.8246272415680924
12142,INFRACCIÓN EN EL OTORGAMIENTO PRESTACIONES DE SALUD,701,Fraude,alta,2071,0.8459875982270997,701,0.8449483866595041
12143,TRANSPORTE O DISTRIBUCIÓN DE GAS E INSTALACIÓN CLANDESTINAS,504,Daños a la propiedad,alta,2119,0.8339904406661797,9032,0.8296648823173599
12144,INTERRUPCIÓN DE SERVICIO ELÉCTRICO,504,Daños a la propiedad,alta,2119,0.8343633587908572,9032,0.8318908082544105
12145,LOTEOS IRREGULARES,8049,Otros actos contra la administración pública o contra disposiciones regulatorias,alta,2119,0.8345286418465575,6012,0.8287753618935418
12146,INFRACCIONES A LA LEY ORGÁNICA CONSTITUCIONAL SOBRE VOTACIONES POPULARES Y ESCRUTINIOS,807,Actos relacionados con las elecciones democráticas,alta,807,0.8554446122583315,8079,0.8534923009412423
12147,EJERCICIO IRREGULAR DE MARTILLERO PÚBLICO,8049,Otros actos contra la administración pública o contra disposiciones regulatorias,alta,8019,0.8473904168802573,8012,0.845272736351889
12148,INFRACCIONES A LA LEY DE SEGURIDAD NUCLEAR,9011,Posesión o uso de armas y explosivos,alta,8019,0.8353748963257508,902,0.8297205003006214
12149,DESACATO,8062,Incumplimiento de órdenes judiciales,alta,8062,0.8407211398244151,8019,0.8336171235798883
12150,USO ILÍCITO DEL FUEGO,504,Daños a la propiedad,media,9011,0.8319897933519325,110132,0.8315646906207682
12151,FRAUDE EN TRANSACCIONES ELECTRÓNICAS.ART. 7° LETRAS A) Y B) LEY 20.009,7011,Fraude financiero,alta,70212,0.8641917615684876,70211,0.8603137998035117
12152,DELITOS DE LA LEY 17.322 SOBRE COTIZACIONES,8082,Violaciones del derecho laboral individual,alta,8081,0.833940022577294,8082,0.8303875783717359
12153,INFRACCIONES A LA SEGURIDAD SOCIAL,8045,Manipulación del mercado o utilización indebida de información privilegiada,media,8045,0.8353422007437603,6019,0.8285199005872951
12155,INFRACCIÓN EN LA UTILIZACIÓN DE GAS COMO COMBUSTIBLE EN VEHÍCULOS,907,Infracciones de tráfico no lesivas,alta,50212,0.8411655884387543,2072,0.8368659745893287
12156,"ACCESO, DIVULGACIÓN Y USO INDEBIDO DE INFORMACION GÉNETICA CON OCASIÓN DE TRATAMIENTO DE ADN",211,Transgresiones contra las personas,alta,2119,0.8506509382693253,60219,0.8372882738702121
12157,OBSTRUCCIÓN A LA JUSTICIA CON OCASIÓN DE TRATAMIENTO DE ADN,8061,Obstrucción de la justicia,alta,8061,0.8600451014270626,2119,0.8455702509963039
12158,DELITOS DE LA LEY DE SOCIEDADES ANÓNIMAS,7019,Otros actos de fraude,alta,709,0.8345244181676913,8019,0.8285963961632558
12159,DELITOS CONTENIDOS EN LEYES DE PRENDA ESPECIALES LEY 20190 Y LEY 18690,1109,Otros actos delictivos no clasificados en otra parte,media,11029,0.8408141098413585,2119,0.8371436710410314
12160,FRAUDULENTA ATRIBUCIÓN DE LA CALIDAD DE INDIGENA,701,Fraude,alta,702,0.8326782518343923,2119,0.8317621956272561
12161,INFRACCIÓN A LA LEY SOBRE GENOMA HUMANO,2119,Otras transgresiones contra las personas,media,2119,0.8591157791952516,211,0.8405205218743637
12163,DELITOS RELATIVOS AL PAGO DE PENSIONES ALIMENTICIAS,8061,Obstrucción de la justicia,alta,70212,0.8314637958259344,7021,0.8296002687548553
12170,DELITOS DE LA LEY DE BOSQUE NATIVO,1009,Otros actos contra el entorno natural,alta,2119,0.8370720066285152,1009,0.8367300665076409
12171,"FABRICACIÓN, ACOPIO O COMERCIALIZACIÓN DE HILO CURADO",NINGUNO,,alta,7049,0.8434216676755716,702,0.8430619843584723
12172,"USO, FACILITACIÓN O TRANSPORTE DE HILO CURADO",902,Actos contra la salud y la seguridad,alta,2071,0.8406993049392238,702,0.8332444670471572
12173,ASOCIACION ILICITA,7041,Blanqueo de dinero,alta,6019,0.8559985762220476,60129,0.8555897454298038
12174,LAVADO DE DINERO PERSONA JURÍDICA,7041,Blanqueo de dinero,alta,7041,0.8583443183374403,7049,0.8484046890899697
12175,INFRACCIÓN AL DEBER DE INFORMACIÓN DE LA LEY 19.913,702,Falsificación,media,8045,0.8288731440561672,2119,0.8281423771329025
12180,REVELACIÓN DE INFORMACIÓN OBTENIDA EN APLICACIÓN MONITOREO TELEMÁTICO,211,Transgresiones contra las personas,alta,2119,0.8241783028045321,9033,0.8213089338986658
12181,INUTILIZACIÓN DE DISPOSITIVO PARA MONITOREO TELEMÁTICO,504,Daños a la propiedad,alta,2063,0.8318689187079141,2119,0.8305111209264859
12182,DAÑOS A MONUMENTOS NACIONALES,8049,Otros actos contra la administración pública o contra disposiciones regulatorias,alta,8049,0.850898230676539,110132,0.8455147243920573
12183,APROPIACION DE MONUMENTOS NACIONALES,8049,Otros actos contra la administración pública o contra disposiciones regulatorias,alta,8049,0.8376454046147129,809,0.8347696798628202
12184,CONDUCCIÓN BAJO LA INFLUENCIA DEL ALCOHOL CAUSANDO LESIONES GRAVES GRAVÍSIMAS,20721,Utilización de un vehículo bajo los efectos del alcohol,alta,2072,0.8763312253556685,20721,0.8724180106549202
12185,CONDUCCIÓN BAJO LA INFLUENCIA DEL ALCOHOL CAUSANDO MUERTE,10321,Homicidio por tránsito vehicular,alta,10321,0.868098148673193,2072,0.859918735210213
12186,COMERCIALIZACIÓN O DISTRIBUCIÓN DE SEÑAL PROTEGIDA DE TELEVISIÓN,NINGUNO,,alta,60212,0.8326484385246224,60219,0.8307277150722678
12187,FRAUDES EN TRANSACCIONES ELECTRÓNICAS,7011,Fraude financiero,alta,70212,0.8653526663733903,7021,0.8652989288043104
12188,OBTENCIÓN SIMULADA O ENGAÑOSA DE BENEFICIOS PARA CUIDADORES DE NIÑOS O NIÑAS DURANTE LA PANDEMIA DEL COVID-19,8041,Actos contrarios a las disposiciones relativas a los ingresos públicos,alta,204,0.8423044697178413,30222,0.8418233134560099
12189,USO MALICIOSO DE RECETAS MÉDICAS DIGITALES,6019,Otros actos ilícitos relacionados con drogas o precursores sujetos a fiscalización,alta,6019,0.846397105554218,7022,0.8448626555608946
12190,ACUERDOS ABUSIVOS DEL DIRECTORIO DE S.A.ART. 134 BIS LEY 18.046,709,"Otros actos que conllevan fraude, engaño o corrupción",alta,8019,0.8317215391834822,211,0.8257742867809954
12200,DELITOS DE LA LEY 18.450 SOBRE RIEGO O DRENAJE,709,"Otros actos que conllevan fraude, engaño o corrupción",alta,709,0.8287345902772647,8049,0.824251925406596
12201,"USO MALICIOSO DE TARJETA, CLAVE O DISPOSITIVO FINANCIEROART. 7, LETRA A, LEY 20.009",7011,Fraude financiero,alta,7021,0.8558523762423236,70212,0.8542563931736242
12202,"OBTENCIÓN MALICIOSA O RESTITUCIÓN DE LOS FONDOS DE OPERACIONES RECLAMADASART. 7, LETRA B, LEY 20.009",7011,Fraude financiero,alta,7021,0.8489989818037985,70212,0.8456905451893175
12203,EMPLEO DE VIOLENCIA INNECESARIAART. 330. CÓDIGO DE JUSTICIA MILITAR,2119,Otras transgresiones contra las personas,media,2119,0.8382564286618531,8019,0.8344606293701117
12999,DELITOS CONTEMPLADOS EN OTROS TEXTOS LEGALES,1109,Otros actos delictivos no clasificados en otra parte,alta,11029,0.8754256885877955,2119,0.8675824643994079
13001,LESIONES LEVES,20112,Agresión leve,alta,2069,0.8612599321654931,206,0.8579594374059009
13016,INFRACCIÓN A LA LEY ELECTORAL,807,Actos relacionados con las elecciones democráticas,alta,807,0.8671001122164282,8079,0.8665234341677006
13021,OFENSAS AL PUDOR,8029,Otros actos contrarios a las normas de conducta sexual orientadas al mantenimiento del orden público,alta,8029,0.829613143176384,8012,0.8273117557017947
13022,DISENSIONES DOMÉSTICAS,8012,Actos relacionados con las normas y preceptos sociales y religiosos orientados al mantenimiento del orden público,alta,8012,0.8122652320326379,8029,0.8102635544219436
13023,ALTERACIÓN ORDEN PÚBLICO,801,Actos contrarios a las normas de conducta orientadas al mantenimiento del orden público,alta,8019,0.8703002019411247,801,0.8623050143164958
13025,DEJAR ANIMALES SUELTOS,2069,Otros actos de negligencia,media,10091,0.8235913126242447,2069,0.8233967816048249
13026,ARROJAMIENTO DE PIEDRAS U OTROS OBJETOS,2071,Actos que ponen en peligro la salud,alta,2069,0.837527230667913,8012,0.8360530535789688
13027,DAÑO FALTA,504,Daños a la propiedad,alta,504,0.8428503077850866,5041,0.8373864379930461
13028,HURTO FALTA,502,Hurto,alta,5023,0.8480561960506412,5024,0.8473843054268578
13030,AMENAZA CON ARMA (FALTA),201,Agresiones y amenazas,alta,409,0.821904009989391,201,0.8218339889322611
13031,FALTA DE RESPETO A LA AUTORIDAD PÚBLICA,809,"Otros actos contra el orden público, la autoridad y las disposiciones del Estado",alta,809,0.8458521612001713,8012,0.8456760772597895
13032,"MALVERSACIÓN, DEFRAUDACIÓN E INCENDIO POR MENOS DE 1 UTM",7011,Fraude financiero,media,504,0.8425251194164601,2119,0.8329365662570086
13033,RIÑA PÚBLICA,8011,Delitos relacionados con la alteración violenta del orden público,alta,8019,0.8359219854592617,8012,0.8308942367950684
13035,DESÓRDENES EN ESPECTÁCULOS PÚBLICOS,8012,Actos relacionados con las normas y preceptos sociales y religiosos orientados al mantenimiento del orden público,alta,8012,0.8423503118388417,8019,0.8385762944085742
13037,CAZA Y PESCA CON VIOLENCIA,10042,"Caza, pesca o recolección ilegales de fauna y flora silvestres",alta,20111,0.8273669607754129,2119,0.8270276018581308
13038,GANADO QUE ENTRA A PREDIO AJENO CAUSANDO DAÑOS,504,Daños a la propiedad,media,5025,0.8303303006783326,504,0.8270619472227773
13049,OBSTRUCCIÓN A LA INVESTIGACIÓN DE DELITO O INFRACCIÓN DE LA LEY DE VIOLENCIA EN LOS ESTADIOS,8061,Obstrucción de la justicia,alta,6029,0.8387890410200253,8043,0.8380164350876229
13050,LESIONES A LAS PERSONAS O DAÑO A LA PROPIEDAD CON MOTIVO U OCASIÓN DE UN ESPECTÁCULO DE FÚTBOL PROFESIONAL,207,Actos peligrosos,alta,2069,0.8463256322003045,207,0.8454769009797103
13051,OTROS DELITOS DE LA LEY 19.327 SOBRE VIOLENCIA EN LOS ESTADIOS,8049,Otros actos contra la administración pública o contra disposiciones regulatorias,media,2119,0.8531133318674957,11029,0.8488527497451352
13052,OCULTACION DE IDENTIDAD EN CONTROL INVESTIGATIVOART. 496 N°5. ART. 85 CPP,8061,Obstrucción de la justicia,alta,8062,0.8127942041743609,11011,0.810237544406135
13053,OCULTACION DE IDENTIDAD EN CONTROL PREVENTIVO. ART. 496 Nº 5. ART. 12 LEY 20.931,NINGUNO,,alta,6012,0.8263074533953372,6019,0.8225683765747976
13096,DIRIGIR REUNIONES TUMULTUOSAS,8019,Otros actos contrarios a las normas de conducta orientadas al mantenimiento del orden público,alta,8019,0.8425560827734865,8012,0.839001254606381
13097,OTRAS FALTAS CÓDIGO PENAL,1109,Otros actos delictivos no clasificados en otra parte,media,11029,0.8714365789726141,1109,0.8687668532461008
13100,IMPEDIR EJERCICIO DE FUNCIONES A INSPECTORES MUNICIPALES,8049,Otros actos contra la administración pública o contra disposiciones regulatorias,alta,9032,0.8196503220361543,6029,0.8192118352169243
13101,TRANSPORTE DE DESECHOS A VERTEDEROS CLANDESTINOS,10021,Actos relacionados con el traslado o vertimiento de desechos dentro de las fronteras nacionales,alta,1002,0.8488995165962797,10021,0.8417082952401008
13103,PERRO POTENCIALMENTE PELIGROSO NO INSCRITO,10032,Comercio o posesión de especies animales prohibidas o controladas,alta,2079,0.8275054101309881,11029,0.8185289174729933
13104,"ARROJAR BASURA O DESECHOS EN PLAYAS, PARQUES NACIONALES U OTROS",801,Actos contrarios a las normas de conducta orientadas al mantenimiento del orden público,alta,8012,0.8359735065671644,8049,0.8300509687122887
13105,IMPEDIR ACCESO A PLAYAS,202,Actos contra la libertad,media,8041,0.8160346449297494,8012,0.8134979437316797
13106,NO INFORMAR DOMICILIO POR DELITOS SEXUALES (NNA),11029,Otros actos contrarios a las leyes u otras disposiciones sobre menores,alta,8062,0.822790752132524,11029,0.8224334137446947
14004,CONDUCCIÓN ESTADO DE EBRIEDAD CON SUSPENSIÓN DE LICENCIA ART. 196 Y 209 INC. 2 LEY DE TRÁNSITO,2072,Utilización de un vehículo bajo los efectos de sustancias psicoactivas,alta,2072,0.8841580036651624,20722,0.8712269014857682
14005,NEGATIVA A EFECTUARSE EXÁMEN,907,Infracciones de tráfico no lesivas,alta,2072,0.8609175961095377,20722,0.8473063689330534
14006,CONDUCCIÓN ESTADO DE EBRIEDAD CON RESULTADO DE MUERTE ART. 196 INC. 3 LEY DE TRÁNSITO,10321,Homicidio por tránsito vehicular,alta,2072,0.8748156634831494,20722,0.8652478740182974
14007,CONDUCCIÓN ESTADO DE EBRIEDAD CON RESULTADO DE LESIONES GRAVES GRAVÍSIMAS. ART. 196 INC. 3 LEY DE TRÁNSITO,2072,Utilización de un vehículo bajo los efectos de sustancias psicoactivas,alta,2072,0.8851173798940052,20722,0.8743848147956162
14008,CONDUCCIÓN ESTADO DE EBRIEDAD CON RESULTADO DE LESIONES GRAVES ART 196 INC. 2 LEY DE TRÁNSITO,20721,Utilización de un vehículo bajo los efectos del alcohol,alta,2072,0.8698542899748469,20722,0.8661861566464322
14009,CONDUCCIÓN ESTADO DE EBRIEDAD CON RESULTADO DE LESIONES MENOS GRAVES.ART. 196 INC. 2 LEY DE TRÁNSITO,20721,Utilización de un vehículo bajo los efectos del alcohol,alta,2072,0.8730208139754833,20722,0.869769657337789
14020,CUASIDELITO VEHÍCULO MOTORIZADO LEY TRÁNSITO,10321,Homicidio por tránsito vehicular,alta,2063,0.8799774958980183,10321,0.8596887251895318
14021,MARCHARSE DEL SITIO DEL SUCESO SIN PRESTAR AUXILIO A LA VÍCTIMA,2069,Otros actos de negligencia,alta,2069,0.8497051313561909,2119,0.8465250577230325
14022,OCULTAMIENTO DE PLACA PATENTE,907,Infracciones de tráfico no lesivas,alta,2072,0.8372790557828734,7022,0.8354038171184913
14052,CONDUCCIÓN ESTADO DE EBRIEDAD CON O SIN DAÑOS O LESIONES LEVES,2072,Utilización de un vehículo bajo los efectos de sustancias psicoactivas,alta,2072,0.8867539722082873,20722,0.8783721027537668
14056,ATENTADO A VEHÍCULO MOTORIZADO EN CIRCULACIÓN CON OBJETO CONTUNDENTE U OTRO SEMEJANTE,504,Daños a la propiedad,alta,2063,0.8588057587184919,2072,0.8537270342729586
14057,CONDUCIR VEHÍCULO DURANTE LA VIGENCIA DE ALGUNA SANCIÓN IMPUESTA. ART. 209 LEY 18290,907,Infracciones de tráfico no lesivas,media,2072,0.8413236221936709,2063,0.8405022593239089
14060,OTROS DELITOS CONTRA LA LEY DEL TRÁNSITO,907,Infracciones de tráfico no lesivas,alta,907,0.8611939523207454,2119,0.8605994936020332
14062,FALSIFICACIÓN MEDIOS DE PAGO DE TRANSPORTES,70212,Falsificación de medios de pago distintos del efectivo,alta,7021,0.8675960861225483,70212,0.8626866811817566
14063,FALSIFICACIÓN DE MEDIOS DE PAGO DE TRANSPORTE,70212,Falsificación de medios de pago distintos del efectivo,alta,7021,0.8789333854001813,70212,0.8754433702987806
14064,COMERCIALIZACIÓN DE DISPOSITIVOS FALSIFICADOS,70212,Falsificación de medios de pago distintos del efectivo,alta,7021,0.8663635957183532,70212,0.8634129723340235
14065,MAL USO DE INFORMACIÓN DE MEDIOS TECNOLÓGICOS DE TRANSPORTE PÚBLICO,9032,Injerencia ilícita en sistemas o datos informáticos,alta,7021,0.8423602135852241,2119,0.8418093306531016
14066,LESIONAR O AMENAZAR A FISCALIZADOR DE TRASPORTES,201,Agresiones y amenazas,alta,2119,0.8422502956733525,902,0.8372753025982488
14087,"CONDUCCIÓN EN CARRERAS NO AUTORIZADAS CON O SIN DAÑOS O LESIONES LEVES.ART. 197 TER. INC.2°El que condujere un vehículo motorizado participando en carreras no autorizadas, ya sea que no se ocasione daño alguno, o que con ello se causen daños materiales o lesiones leves",2063,Negligencia relacionada con la conducción de un vehículo,alta,2063,0.8613781884178823,20722,0.8590169413728538
14088,CONDUCCIÓN EN CARRERAS NO AUTORIZADAS CAUSANDO LESIONES MENOS GRAVES O GRAVES. ART. 197 TER. INC.3°El que condujere un vehículo motorizado participando en carreras no autorizadas y se causaren lesiones menos graves o graves,2063,Negligencia relacionada con la conducción de un vehículo,alta,2063,0.863688801897991,20722,0.8543337675066482
14089,CONDUCCIÓN EN CARRERAS NO AUTORIZADAS CAUSANDO LESIONES GRAVÍSIMAS O LA MUERTE. ART. 197 TER. INC.4°El que condujere un vehículo motorizado participando en carreras no autorizadas y se causaren lesiones indicadas en el número 1° del artículo 397 del Código Penal o la muerte de alguna persona,10321,Homicidio por tránsito vehicular,alta,2063,0.863647309120496,907,0.8536413491963695
14090,ORGANIZAR CARRERAS NO AUTORIZADAS.ART. 197 TER. INC.7°El que organizare carreras no autorizadas y/o con ocasión o con motivo de la ejecución de la conducta obtuviere algún beneficio económico para sí o para un tercero,907,Infracciones de tráfico no lesivas,alta,8019,0.8448773439544746,2119,0.8360042002212056
14091,FACILITAR VEHÍCULOS MOTORIZADOS PARA LA PARTICIPACIÓN EN CARRERAS CLANDESTINAS.ART. 197 TER. INC.6°El o quienes concertados para su ejecución faciliten vehículos motorizados para la participación de carreras clandestinas,907,Infracciones de tráfico no lesivas,alta,2072,0.8287526709556661,8019,0.8286747070410443
14092,SOBREPASAR EN 60 KM/H LOS LÍMITES FIJADOS DE VELOCIDAD MÁXIMA.ART. 197 QUINQUIESEl que condujere un vehículo motorizado y sobrepase en 60 kilómetros por hora los límites de velocidad fijados en los artículos 145 y 146 de la Ley 18.290,907,Infracciones de tráfico no lesivas,alta,2063,0.8330489538286655,2072,0.8314256215275861
15002,CRIMENES Y SIMPLES DELITOS SEGURIDAD INTERIOR DEL ESTADO,904,Actos contra la seguridad del Estado,alta,904,0.8506102710771134,110134,0.8433812414563113
15003,CRIMENES Y SIMPLES DELITOS CONTRA LA SOBERANIA NACIONAL Y SEGURIDAD EXTERIOR DEL ESTADO,904,Actos contra la seguridad del Estado,alta,2119,0.8356796221297393,110134,0.8353906283627498
15007,DELITOS DE LA LEY DE SEGURIDAD INTERIOR DEL ESTADO CONTRA EL ORDEN PÚBLICO Y LA NORMALIDAD DE LAS ACTIVIDADES NACIONALES,8012,Actos relacionados con las normas y preceptos sociales y religiosos orientados al mantenimiento del orden público,alta,8019,0.854829703309604,8012,0.8434478899416115
16400,DIFUSIÓN INDEBIDA DE ENTREVISTA VIDEOGRABADA,11029,Otros actos contrarios a las leyes u otras disposiciones sobre menores,alta,30221,0.8415558156793669,30223,0.8402066753938456
16401,PELEAS DE ANIMALES COMO ESPECTÁCULO,10091,Actos contra los animales,alta,2119,0.8409188816244122,10091,0.8341381073764049
16402,DELITOS DEL DL 3538 DE 1979 QUE REGULA MERCADO FINANCIERO,8045,Manipulación del mercado o utilización indebida de información privilegiada,alta,8045,0.8337754611161268,1102,0.8246193738557372
16403,ASOCIACIÓN ILÍCITA PARA EJERCER EL COMERCIO ILEGAL,NINGUNO,,alta,702,0.8442608304221507,7049,0.8401226184629733
18001,EXPENDIO DE BEBIDAS ALCOHÓLICAS A MENORES,11021,Delitos en razón de la condición de menor de edad,alta,6021,0.8460794190239401,60212,0.8434338828344864
18002,OTORGAMIENTO DE PATENTES DE ALCOHOLES,60212,"Producción, tráfico o distribución ilícitos de productos alcohólicos",media,6021,0.8277688812876592,60212,0.8208975445988548
18003,DIVULGACIÓN DE DATOS MILITANTES DE PARTIDOS POLITICOS,804,Actos contrarios a las disposiciones relativas a los ingresos públicos u otras disposiciones regulatorias,alta,804,0.8164916517183116,80329,0.81362763916476
20001,"ENVÍO DE EXPLOSIVOS, HOMICIDIO, LESIONES Y SECUESTROS TERRORISTAS",201,Agresiones y amenazas,media,2119,0.849896647700012,9011,0.8470665502209404
20002,APODERAMIENTO O ATENTADO AL TRANSPORTE PÚBLICO,9069,Otros actos relacionados con las actividades de un grupo terrorista,alta,902,0.8412520231777167,2119,0.8397858034162995
20003,ATENTADO TERRORISTA CONTRA JEFE DE ESTADO O AUTORIDAD PÚBLICA,904,Actos contra la seguridad del Estado,alta,8069,0.8308857737583986,902,0.8287670939486986
20004,ATENTADO TERRORISTA EXPLOSIVO O INCENDIARIO,2079,Otros actos peligrosos,media,9011,0.837808510137982,90119,0.8377972878663957
20005,ASOCIACIÓN ILÍCITA TERRORISTA,9061,Participación en un grupo terrorista,alta,9069,0.8487950175374995,906,0.8485606933221642
20006,RECAUDAR O PROVEER FONDOS PARA LA COMISIÓN DE DELITOS TERRORISTAS POR PERSONA NATURAL,9062,Financiación del terrorismo,alta,9062,0.8412531274062492,906,0.8298960331528731
20007,RECAUDAR O PROVEER FONDOS PARA LA COMISIÓN DE DELITOS TERRORISTAS POR PERSONA JURÍDICA,9062,Financiación del terrorismo,alta,9062,0.8420246183156312,906,0.8338331711923952
20017,TERRORISMO INDIVIDUAL QUE ADHIERE A LOS FINES,906,Terrorismo,alta,906,0.8500919666242662,9061,0.844739154520145
20018,TERRORISMO INDIVIDUAL SIN ADHERENCIA,906,Terrorismo,alta,8019,0.8448719001402233,8049,0.8419072984371452
20019,FAVORECER ACCIONES TERRORISTAS,9069,Otros actos relacionados con las actividades de un grupo terrorista,alta,906,0.8411543494961954,9069,0.8386934518929274
20020,PROVEER O RECOLECTAR FONDOS PARA LA COMISIÓN DE DELITOS TERRORISTAS,9062,Financiación del terrorismo,alta,9062,0.8319419110109441,7049,0.8316381967793008
20021,CONSPIRACIÓN TERRORISTA,8064,Conspiración,alta,906,0.8334693908206111,2119,0.8322583522736616
20022,INCITACIÓN TERRORISTA,9069,Otros actos relacionados con las actividades de un grupo terrorista,alta,80329,0.8316670084469984,80322,0.8294050601777876
20099,OTROS LEY 18.314,9069,Otros actos relacionados con las actividades de un grupo terrorista,alta,8019,0.864237371174819,11029,0.855228239738309
21001,INJURIAS Y CALUMNIAS POR MEDIOS DE COMUNICACIÓN SOCIAL,209,Difamación o insulto,alta,2099,0.8355911874025553,2092,0.8318682794569091
21002,ULTRAJE PÚBLICO A LAS BUENAS COSTUMBRES POR MEDIOS DE COMUNICACIÓN SOCIAL,8022,Delitos de pornografía,alta,8022,0.8442326455196201,8012,0.8410191409334123
21003,DIVULGACIÓN DE IDENTIDAD DE MENORES POR MEDIOS DE COMUNICACIÓN SOCIAL,11029,Otros actos contrarios a las leyes u otras disposiciones sobre menores,alta,11021,0.8253286882967826,11029,0.82492064687157
21099,OTRAS FALTAS Y DELITOS DE LA LEY 19.733,803,Actos relacionados con la libertad de expresión o el control de la expresión,alta,80322,0.8404335946214421,2119,0.8402349871433018
22100,MALTRATO HABITUAL (VIOLENCIA INTRAFAMILIAR),219,Otros actos que causan daños o que tienen la intención de causar daños a las personas,alta,20619,0.8353354559278311,2119,0.8346926187785755
22101,INCUMPLIMIENTO REITERADO DE PAGO DE PENSIÓN ALIMENTICIA,8062,Incumplimiento de órdenes judiciales,alta,20619,0.8332801457551755,20612,0.8309673219726904
22200,CRÍMENES LESA HUMANIDAD Y GENOCIDIO LEY 20.357,11014,Genocidio,alta,11013,0.8784289467417041,110134,0.8704954471810956
22300,VIOLACIÓN DE SECRETO DE ADMINISTRADOR DEL FONDO DE PENSIONES,8045,Manipulación del mercado o utilización indebida de información privilegiada,alta,8045,0.8291568734241263,11029,0.8197247106571728
22400,INFRACCIONES A LA LEY DE ADMINISTRACIÓN PROVISIONAL DE SOSTENEDORES EDUCACIONALES (LUCRO EN LA EDUCACIÓN). LEY 20.800,8049,Otros actos contra la administración pública o contra disposiciones regulatorias,alta,8019,0.8372954921708172,6019,0.8299022086605201
22401,INFRACCIONES AL SISTEMA DE ASEGURAMIENTO DE LA CALIDAD DE LA EDUCACIÓN (LUCRO EN LA EDUCACIÓN). LEY 20.845,701,Fraude,alta,709,0.8307792798429794,804,0.8251040974424233
22403,DESEMPEÑAR FUNCIONES DE VIGILANTES PRIVADOS FUERA DE LOS CASOS CONTEMPLADOS EN lA LEY 21.659ART 30 Y 35 LEY 21.659,9011,Posesión o uso de armas y explosivos,media,8019,0.8347128875075784,2119,0.8331097842555473
22404,INFRACCIÓN PARA SERVIDORES PÚBLICOS POR DIVULGACIÓN DE INFORMACIÓN RESERVADA.ART. 82 LEY 21.659,2119,Otras transgresiones contra las personas,media,2119,0.8173823521223346,8019,0.816346596643496
22405,INFRACCIÓN AL DEBER DE RESERVA. MANTENER NO VIGENTE PENDIENTE DE REGLAMENTOART. 36 LEY 21.663,2119,Otras transgresiones contra las personas,alta,8019,0.8285824654111346,11029,0.8285242016021666
22410,OCULTACION O ENTREGA DE INFORMACIÓN FALSA A FNE,8061,Obstrucción de la justicia,alta,8045,0.8332173807865791,702,0.8317774009279478
22411,COLUSIÓN D.L. 211,8042,Actos contrarios a disposiciones comerciales o financieras,alta,8045,0.8324034028850423,11029,0.8299518591718729
22412,TRÁFICO DE RESIDUOS PELIGROSOS (LEY 20.920).ART. 44 LEY 20.920,1002,Actos relacionados con el traslado o vertimiento de desechos,alta,9012,0.842319403743499,901,0.8405468451856782
22413,FALSIFICACIÓN DE RÓTULOS O CERTIFICADOS,7023,Actos de falsificación de documentos,alta,7022,0.8361712751696518,7023,0.8357843990290952
22499,OTROS DELITOS DL 211,1109,Otros actos delictivos no clasificados en otra parte,media,11029,0.8606555961629394,2119,0.8543023470522496
22500,INFRACCIONES A LA INVERSIÓN EXTRANJERA DIRECTA EN CHILE. LEY 20.848,8041,Actos contrarios a las disposiciones relativas a los ingresos públicos,alta,702,0.8380342853515346,70212,0.8338711835963183
22600,DESATENDER EL LLAMADO A RECLUTAMIENTO DL 2306,806,Actos contra el sistema de justicia,media,8019,0.8241340958309014,8062,0.8224071372204507
22601,REMISOS (RECLUTAMIENTO) DL 2306,809,"Otros actos contra el orden público, la autoridad y las disposiciones del Estado",alta,8019,0.8178754251007406,11029,0.8166187081790874
22700,INFRACCIONES LEY 21.063 QUE CREA UN SEGURO PARA EL ACOMPAÑAMIENTO DE NIÑOS Y NIÑAS QUE PADEZCAN CIERTAS ENFERMEDADES,11029,Otros actos contrarios a las leyes u otras disposiciones sobre menores,alta,2069,0.8385655746103169,11029,0.837354532770173
22800,"INFRACCIONES A LA LEY 21075, SOBRE EL MAL USO DE AGUAS GRISES",1002,Actos relacionados con el traslado o vertimiento de desechos,alta,6029,0.836016559352787,8019,0.8350399134306955
22900,INFRACCIONES A LA LEY 21086 QUE PERFECCIONA LOS BENEFICIOS OTORGADOS A BOMBEROS,702,Falsificación,media,8012,0.8223499533906872,2119,0.8213682281132575
23000,INFRACCIONES A LA LEY DE EDUCACIÓN SUPERIOR,709,"Otros actos que conllevan fraude, engaño o corrupción",media,2119,0.8316820568405731,7031,0.827673809000209
23100,"INFRACCIONES A LA LEY 19.496, SOBRE PROTECCIÓN AL CONSUMIDOR",NINGUNO,,alta,11029,0.8313335533397891,2119,0.8308086942201621
23200,"INFRACCIONES A LA LEY 19132, SOBRE TVN",804,Actos contrarios a las disposiciones relativas a los ingresos públicos u otras disposiciones regulatorias,alta,11029,0.8313919336600135,2119,0.8308192863878248
23300,INFRACCIONES A LA LEY 18.287 SOBRE JUZGADO DE POLICIA LOCAL,8019,Otros actos contrarios a las normas de conducta orientadas al mantenimiento del orden público,media,11029,0.8323388488444587,6029,0.8323116369546291
23400,INFRACCIONES A LA LEY 19220 SOBRE ESTABLECIMIENTO DE BOLSAS DE PRODUCTOS AGROPECUARIOS,804,Actos contrarios a las disposiciones relativas a los ingresos públicos u otras disposiciones regulatorias,alta,7022,0.8307419848323521,11029,0.8258023686879872
23500,INFRACCIONES A LA LEY DE IDENTIDAD DE GÉNERO.Sanciona las infracciones a la ley 21.120 que Reconoce y da protección al derecho a la identidad de género,210,Discriminación,alta,211,0.842757853007728,2119,0.8389835737000161
23600,FINANCIAMIENTO ILEGAL DE CANDIDATURAS O DE PARTIDOS POLÍTICOS,8079,Otros actos relacionados con las elecciones democráticas,alta,807,0.8521302744939211,8079,0.8453259406861297
23601,MAL USO DE FONDOS FISCALES PARA FINANCIAMIENTO DE PARTIDO POLÍTICO,807,Actos relacionados con las elecciones democráticas,alta,8079,0.852234995403613,804,0.8455493590070365
23602,RENDICIÓN FALSA DE CUENTA ELECTORAL,8079,Otros actos relacionados con las elecciones democráticas,alta,8079,0.8513957101145878,807,0.8459563005325295
23700,INFRACCIONES A LA LEY DE PORTABILIDAD FINANCIERA,7023,Actos de falsificación de documentos,alta,70212,0.8617074160552223,7023,0.8565440246628357
23725,PERCEPCIÓN ILEGAL DE PENSIÓN GARANTIZADA UNIVERSAL,8041,Actos contrarios a las disposiciones relativas a los ingresos públicos,alta,709,0.8271815772186715,702,0.8271764006636827
23750,REVELACIÓN DEL SECRETO DEL SISTEMA DE BÚSQUEDA DE PERSONAS DESAPARECIDASART. 12 LEY 21.500,2119,Otras transgresiones contra las personas,alta,2119,0.831517800931121,20229,0.8281034163917637
23775,"SUSTRACCIÓN, RUPTURA DE REDES, COMERCIALIZACIÓN DE ESPECIES DE CULTIVOART. 137 BIS, LEY DE PESCA",5025,Hurto de ganado,media,10042,0.8535560715949436,10031,0.8431472358437707
23785,"HOMICIDIO A FUNCIONARIO DE LAS FUERZAS ARMADAS EN DESEMPEÑO DE FUNCIONES DE RESGUARDO DE LA SEGURIDAD PÚBLICA.ART. 281 BIS, CÓDIGO DE JUSTICIA MILITAR",101,Homicidio intencional,alta,2119,0.8500011545702291,8019,0.8456590370604089
23786,"MALTRATO DE OBRA A FUNCIONARIO DE LAS FUERZAS ARMADAS EN DESEMPEÑO DE FUNCIONES DE RESGUARDO DE LA SEGURIDAD PÚBLICA.ART. 281 TER, CÓDIGO DE JUSTICIA MILITAR",8069,Otros actos contra el sistema de justicia,media,2119,0.849865593214988,8069,0.8488770520145659
23787,"DELITOS CONTRA LA ADMINISTRACIÓN AMBIENTAL.ART. 37 BIS; ART. 37 TER, LEY 20.417",8049,Otros actos contra la administración pública o contra disposiciones regulatorias,alta,2071,0.8326812266572455,1009,0.8323837689173871
23788,ELABORACIÓN DE ALCOHOLES NO ETÍLICOS DESTINADOS A BEBIDA.ART. 42 LEY 18.455,6021,"Producción, manipulación, posesión o uso ilícitos de productos alcohólicos",alta,6021,0.8743204625376523,60212,0.8705077574053014
23789,CONTRAVENCIÓN A MEDIDAS DE LA LEY DE ELABORACIÓN DE ALCOHOLES.ART. 43 LEY 18.455,6029,"Otros actos ilícitos relacionados con bebidas alcohólicas, tabaco u otras sustancias sujetas a fiscalización",media,6021,0.8497283900958144,60212,0.8438713641887047
23790,OTORGAMIENTO DE CERTIFICADOS RESPECTO DE ALCOHOLES TÓXICOS. ART. 44 LEY 18.455,2071,Actos que ponen en peligro la salud,alta,2071,0.8492945634863589,60212,0.8489491767626871
23800,OBTENCIÓN FRAUDULENTA BENEFICIOS COVID 19. ART. 14 LEY 21.227. ART. 5º LEY 16.282 Y ART. 11 LEY 21.242,701,Fraude,alta,702,0.8481343234106188,7049,0.8445411157172109
23801,OBTENCIÓN SIMULADA O ENGAÑOSA DE BENEFICIOS DE PROTECCIÓN DE LA CLASE MEDIA.ART. 12 LEY 21.252,8041,Actos contrarios a las disposiciones relativas a los ingresos públicos,alta,70212,0.848608675412017,7021,0.8472505549812531
23802,OBTENCIÓN FRAUDULENTA DE BENEFICIOS TRIBUTARIOS COVID 19.ART. 6 LEY 21.256,701,Fraude,alta,702,0.8511027049961363,701,0.8454850994434238
23803,OBTENCIÓN FRAUDULENTA DE BENEFICIOS TRIBUTARIOS O BONOS COVID-19 PARA PYMES,701,Fraude,alta,702,0.842615571173189,709,0.8368414872223562
23804,PERCEPCIÓN INDEBIDA DE SUBSIDIO COVID-19 AGUA O ELECTRICIDAD,701,Fraude,alta,804,0.8342811799281997,709,0.8335995291004858
23900,INFRACCIONES A LA LEY ORGÁNICA CONSTITUCIONAL SOBRE SISTEMAS DE INSCRIPCIONES ELECTORALES Y SERVICIO ELECTORAL,807,Actos relacionados con las elecciones democráticas,alta,807,0.8490715720254419,8079,0.8476592455824304
24000,ENTREGA DE INFORMACIÓN FALSA O INCOMPLETA SOBRE EL CUMPLIMIENTO DE PLANES DE PAGO.ART. 7 INC. 1º LEY 21.674,709,"Otros actos que conllevan fraude, engaño o corrupción",media,709,0.8336007334573398,70212,0.8329095554607328
24001,ADMINISTRACIÓN MALICIOSA INSTITUCIÓN DE SALUD PREVISIONAL.ART. 7 INC. 2° LEY 21.674,8049,Otros actos contra la administración pública o contra disposiciones regulatorias,alta,2071,0.8336002782904361,8049,0.8324733730810289
24050,INFRACCIONES AL PROGRAMA DE GARANTÍAS DE APOYO AL ENDEUDAMIENTO.ART. 5 TRANSITORIO LEY 21.543,NINGUNO,,alta,2119,0.8347763545115806,806,0.8344034084858017
30000,"DELITOS DEL ART. UNDÉCIMO LEY 20416 QUE FIJA NORMAS ESPECIALES PARA LAS EMPRESAS DE MENOR TAMAÑO Sanciona:ART. 12 El asesor persona natural o los socios de la sociedad que actúen en calidad de asesor, y que se concertaren con el deudor o con cualquier acreedor actual o pasado o con un tercero para proporcionar alguna ventaja indebida para sí o para las personas antes indicadas.ART. 24La declaración falsa que formule el deudor acerca de sus acreedores, del monto de las obligaciones o la naturaleza de las mismas, o acerca de la propiedad de los bienes abandonados",8042,Actos contrarios a disposiciones comerciales o financieras,alta,11029,0.8308009827949756,709,0.8277359988238879
30100,DELITOS DE LA LEY 20.345,8042,Actos contrarios a disposiciones comerciales o financieras,alta,7049,0.8420984190916376,8042,0.8338990080734379
220,Tormento a detenidos,11011,Tortura,alta,11011,0.8445296306977284,20229,0.8213408547800001
403,Usurpación de atribuciones de empleados publicos y judiciales art. 221.y 222,7033,Abuso de funciones,alta,7033,0.8515015118613896,2119,0.8289829354862419
414,"Abusos contra particulares arts. 255, 256, 257, 258, y 259.",7033,Abuso de funciones,alta,7033,0.8512362915894115,8049,0.8452945523544706
511,Amenazas de atentados contra personas y propiedades,2012,Amenaza,alta,20121,0.8604917551775292,201,0.8540777034785526
513,Contra salud publica. arts. 313 al 318.,2071,Actos que ponen en peligro la salud,alta,6019,0.8567472897598571,2071,0.8537898722736489
607,Violación,3011,Violación,alta,30119,0.8621620392681192,11011,0.8568281557806655
613,Abusos deshonestos,3029,Otros actos de explotación sexual,media,11011,0.8410355882364202,7039,0.8372010723709082
622,Abuso sexual adulto,3019,Otros actos de violencia sexual,media,3019,0.8514361364413516,30119,0.8494867335148989
704,Homicidio simple,101,Homicidio intencional,alta,1031,0.8447441395917823,103,0.837484955557666
708,Lesiones corporales,201,Agresiones y amenazas,alta,2079,0.8538848479828179,20619,0.8526218056583765
801,Hurto simple,5022,Hurto de bienes personales,media,50229,0.8417762716815138,5029,0.8343227894925205
807,Robo con fuerza en las cosas,501,Robo con entrada ilícita,alta,401,0.8525021796819,501,0.8384016584923787
813,Usurpación,509,Otros actos contra la propiedad solamente,alta,11011,0.824195801223378,11019,0.8172449865099083
818,Apropiacion indebida (incluye el depositario alzado). art. 470 nº 1.,502,Hurto,alta,7049,0.8368080899995343,702,0.8342280029036637
819,Incendio y otros estragos,504,Daños a la propiedad,alta,5049,0.8321834432160228,11011,0.8212626477294848
820,Daños,5049,Otros daños a bienes,media,5049,0.8495454146386077,20229,0.8395981765517155
830,Robo con retencion de victimas o con lesiones graves. art. 433 nº 2,4011,Robo a personas,alta,2022,0.8373376945326991,40119,0.834281577258112
837,Incendio y otros estragos,504,Daños a la propiedad,alta,5049,0.8321834432160228,11011,0.8212626477294848
4001,Giro doloso de cheques. art. 22. dfl 707,7011,Fraude financiero,alta,709,0.8246971002089523,7049,0.8231597051778585
4002,Tacha falsa de firma auténtica art. 43 DFL 707,709,"Otros actos que conllevan fraude, engaño o corrupción",media,7023,0.8192856694329327,709,0.8128120407211818
7035,Consumo de drogas (art. 41),60111,"Posesión, adquisición o uso ilícitos de drogas sujetas a fiscalización para consumo personal",alta,6029,0.8546323216287004,60229,0.8520389019486915
7036,Porte de drogas,6011,"Posesión, adquisición, utilización, cultivo o producción ilícitos de drogas sujetas a fiscalización para consumo personal",media,6012,0.8481158080773592,60121,0.8474539693937166
9001,Delitos contra la ley de propiedad intelectual,503,Delitos contra la propiedad intelectual,alta,503,0.855915299265227,7022,0.8442281478214354
10004,"Porte ilegal de arma de fuego, municiones y otros.  art. 11 ley nº17.798.",9011,Posesión o uso de armas y explosivos,alta,9011,0.873316819966234,901,0.8626894559277506
10007,Abandono de armas o elementos sujetas a control. art. 14 a.,90119,Otros actos relacionados con posesión o uso de armas y explosivos,alta,9011,0.840337666011654,90111,0.8315759620380255
12050,Infraccion  ordenanza  aduanas  (fraude   y  contrabando).art.176.,8044,Contrabando de bienes,alta,8041,0.8537901741078515,8044,0.8499197934357592
12075,Conducción bajo la influencia del alcohol,20721,Utilización de un vehículo bajo los efectos del alcohol,alta,20721,0.8603100424732598,2072,0.8498389076392067
12083,Conduccion bajo la influencia del alcohol causando lesiones graves gravisimas o muerte 196 c inc. 4 ley 18.290,10321,Homicidio por tránsito vehicular,alta,20721,0.8581624840101489,2072,0.8551565049469976
12100,"Delitos contenidos en el d.l. 1.094 de extranjeria. art. 68, 69.",8059,Otros actos ilícitos relacionados con la migración,alta,8059,0.8595369375045744,7023,0.8537484718640881
13005,Consumo y otras faltas a la ley de drogas,60111,"Posesión, adquisición o uso ilícitos de drogas sujetas a fiscalización para consumo personal",alta,6019,0.8452787341366523,6029,0.8445115309345411
13018,Violencia en los estadios art. 6 ley 19.327,8011,Delitos relacionados con la alteración violenta del orden público,alta,201,0.8323514244579822,2069,0.8322908310731051
13024,Ocultacion de identidad 496 nº 5 codigo penal,809,"Otros actos contra el orden público, la autoridad y las disposiciones del Estado",alta,709,0.8152869913229872,20229,0.8151544290682898
13036,Lesiones leves 494 nº 5 codigo penal,20112,Agresión leve,alta,2069,0.8591286041135255,2063,0.8535148008391867
13098,Otras faltas leyes especiales,809,"Otros actos contra el orden público, la autoridad y las disposiciones del Estado",media,11029,0.8655489489304585,1109,0.8441222953833256
13099,Otros que no dan motivo a ingreso a sumario,1109,Otros actos delictivos no clasificados en otra parte,media,11011,0.85071549867836,20229,0.8423032572535345
14001,Conduccion estado de ebriedad con resultado de muerte. art. 196 e  inc. 3 ley 18.290.,10321,Homicidio por tránsito vehicular,alta,2072,0.8586091200576628,20722,0.8519147588071422
14002,Conduccion estado de ebriedad con resultado de lesiones.art. 196 e inc. 2 ley 18.290.,2072,Utilización de un vehículo bajo los efectos de sustancias psicoactivas,alta,2072,0.8769581956082787,20722,0.8676457710340545
14003,Conduccion estado de ebriedad con resultado de daños.art. 196 e inc. 1 ley 18.290.,2072,Utilización de un vehículo bajo los efectos de sustancias psicoactivas,alta,2072,0.8767194199619429,20722,0.8684699203937323
99997,Faltas al régimen penitenciario,8069,Otros actos contra el sistema de justicia,alta,8062,0.8314689938739865,8012,0.8304793966827944
0,No especifica delito,NINGUNO,,alta,11011,0.8516862109378627,20229,0.8493112280431034
